timestamp,profile,tag,neigh,lot,budget,status,runtime_s,gap,xgb_model,reg_model,y_price,y_price_out,y_log_in,y_log_out,reg_price,delta_reg_abs,delta_reg_pct,cost,obj,slack,floor1,floor2,area_1st,area_2nd,bsmt,gr_liv_area,garage_area,screen_porch,pool_area,beds,fullbath,halfbath,kitchen,overall_qual,overall_cond,kitchen_qual,heating_qc,bldg_type
2025-11-29T14:44:57.408310,balanced,,Blmngtn,7000.0,500000.0,2,0.6959710121154785,0.0,/Users/ignaciocuevasschotte/Documents/GitHub/Optimizacion-Casas-Ames-Iowa-Capstone-/models/xgb/datos_nuevos/model_xgb.joblib,/Users/ignaciocuevasschotte/Documents/GitHub/Optimizacion-Casas-Ames-Iowa-Capstone-/models/reg/base_reg_vale.joblib,560837.9427115417,509407.96875,13.14634980015902,13.141006469726562,470520.20036972535,90317.74234181631,19.19529539238622,496355.8899999997,64482.05271154194,3644.110000000277,1.0,0.0,1208.0,0.0,1200.0,1208.0,450.0,162.0,0.0,5.0,3.0,1.0,1.0,9.0,10.0,4.0,3.0,
2025-11-29T14:45:00.200740,balanced,,Blueste,7000.0,500000.0,2,1.8014211654663086,0.0,/Users/ignaciocuevasschotte/Documents/GitHub/Optimizacion-Casas-Ames-Iowa-Capstone-/models/xgb/datos_nuevos/model_xgb.joblib,/Users/ignaciocuevasschotte/Documents/GitHub/Optimizacion-Casas-Ames-Iowa-Capstone-/models/reg/base_reg_vale.joblib,512191.2048070081,512181.21875,13.146447061894074,13.146435737609863,454836.18419625954,57355.02061074856,12.61003908739155,498891.8899999977,13299.314807010407,1108.1100000023143,1.0,0.0,1208.0,0.0,1200.0,1208.0,452.0,162.0,0.0,5.0,3.0,1.0,1.0,9.0,10.0,4.0,3.0,
2025-11-29T14:45:02.259865,balanced,,BrDale,7000.0,500000.0,2,1.0822949409484863,0.0,/Users/ignaciocuevasschotte/Documents/GitHub/Optimizacion-Casas-Ames-Iowa-Capstone-/models/xgb/datos_nuevos/model_xgb.joblib,/Users/ignaciocuevasschotte/Documents/GitHub/Optimizacion-Casas-Ames-Iowa-Capstone-/models/reg/base_reg_vale.joblib,495585.376280733,443123.0625,13.001613300213325,13.001605033874512,439628.1508498006,55957.22543093236,12.72830807644304,486412.3899999999,9172.98628073308,13587.610000000102,1.0,1.0,741.0,465.0,679.0,1206.0,450.0,160.0,0.0,5.0,3.0,1.0,1.0,9.0,10.0,4.0,4.0,
2025-11-29T14:45:04.148637,balanced,,BrkSide,7000.0,500000.0,2,0.8545711040496826,0.0,/Users/ignaciocuevasschotte/Documents/GitHub/Optimizacion-Casas-Ames-Iowa-Capstone-/models/xgb/datos_nuevos/model_xgb.joblib,/Users/ignaciocuevasschotte/Documents/GitHub/Optimizacion-Casas-Ames-Iowa-Capstone-/models/reg/base_reg_vale.joblib,441097.6263400357,380333.5,12.854146690153792,12.848806381225586,370421.5251477448,70676.1011922909,19.07991204455554,278888.8899999999,162208.7363400358,221111.1100000001,1.0,0.0,400.0,0.0,338.0,400.0,450.0,162.0,0.0,5.0,3.0,1.0,1.0,9.0,10.0,4.0,3.0,
2025-11-29T14:45:07.022685,balanced,,ClearCr,7000.0,500000.0,2,1.8027608394622803,0.0,/Users/ignaciocuevasschotte/Documents/GitHub/Optimizacion-Casas-Ames-Iowa-Capstone-/models/xgb/datos_nuevos/model_xgb.joblib,/Users/ignaciocuevasschotte/Documents/GitHub/Optimizacion-Casas-Ames-Iowa-Capstone-/models/reg/base_reg_vale.joblib,547987.670090106,517008.28125,13.155827117570364,13.155816078186035,513473.83685591037,34513.8332341956,6.721634240515506,498771.8899999993,49215.78009010665,1228.1100000006845,1.0,0.0,1208.0,0.0,1200.0,1208.0,450.0,162.0,0.0,5.0,3.0,1.0,1.0,9.0,10.0,4.0,3.0,
2025-11-29T14:45:09.747317,balanced,,CollgCr,7000.0,500000.0,2,1.7550380229949951,0.0,/Users/ignaciocuevasschotte/Documents/GitHub/Optimizacion-Casas-Ames-Iowa-Capstone-/models/xgb/datos_nuevos/model_xgb.joblib,/Users/ignaciocuevasschotte/Documents/GitHub/Optimizacion-Casas-Ames-Iowa-Capstone-/models/reg/base_reg_vale.joblib,447405.5158800816,433270.28125,12.97913102607898,12.979119300842285,423939.6647109794,23465.851169102243,5.535186518841089,402418.3899999998,44987.12588008185,97581.61000000022,1.0,0.0,898.0,0.0,781.0,898.0,450.0,162.0,0.0,5.0,3.0,1.0,1.0,9.0,10.0,4.0,3.0,
2025-11-29T14:45:13.155735,balanced,,Crawfor,7000.0,500000.0,2,2.4520061016082764,0.0,/Users/ignaciocuevasschotte/Documents/GitHub/Optimizacion-Casas-Ames-Iowa-Capstone-/models/xgb/datos_nuevos/model_xgb.joblib,/Users/ignaciocuevasschotte/Documents/GitHub/Optimizacion-Casas-Ames-Iowa-Capstone-/models/reg/base_reg_vale.joblib,439747.5389445896,396968.5625,12.8916238240471,12.89161491394043,433308.92539083795,6438.6135537516675,1.4859175928453672,332850.3899999997,106897.14894458989,167149.61000000028,1.0,0.0,694.0,0.0,679.0,694.0,450.0,0.0,0.0,5.0,3.0,1.0,1.0,9.0,10.0,4.0,3.0,
2025-11-29T14:45:14.989397,balanced,,Edwards,7000.0,500000.0,2,0.855341911315918,0.0,/Users/ignaciocuevasschotte/Documents/GitHub/Optimizacion-Casas-Ames-Iowa-Capstone-/models/xgb/datos_nuevos/model_xgb.joblib,/Users/ignaciocuevasschotte/Documents/GitHub/Optimizacion-Casas-Ames-Iowa-Capstone-/models/reg/base_reg_vale.joblib,324046.3254472863,253239.71875,12.442598660630788,12.442095756530762,261485.82401015205,62560.501437134255,23.925006900070183,238529.55999999988,85516.76544728642,261470.44000000012,1.0,0.0,498.0,0.0,292.0,498.0,150.0,0.0,0.0,2.0,1.0,0.0,1.0,7.0,10.0,3.0,2.0,
2025-11-29T14:45:17.954331,balanced,,Gilbert,7000.0,500000.0,2,1.9812469482421875,0.0,/Users/ignaciocuevasschotte/Documents/GitHub/Optimizacion-Casas-Ames-Iowa-Capstone-/models/xgb/datos_nuevos/model_xgb.joblib,/Users/ignaciocuevasschotte/Documents/GitHub/Optimizacion-Casas-Ames-Iowa-Capstone-/models/reg/base_reg_vale.joblib,433277.8704633323,433270.28125,12.979131026078992,12.979119300842285,423849.5269055611,9428.343557771179,2.224455369009278,402418.3899999989,30859.48046333337,97581.61000000109,1.0,0.0,897.9999999999972,0.0,781.0,897.9999999999972,449.99999999999704,162.0,0.0,6.0,3.0,1.0,1.0,9.0,10.0,4.0,3.0,
2025-11-29T14:45:20.218758,balanced,,Greens,7000.0,500000.0,2,1.2957220077514648,0.0,/Users/ignaciocuevasschotte/Documents/GitHub/Optimizacion-Casas-Ames-Iowa-Capstone-/models/xgb/datos_nuevos/model_xgb.joblib,/Users/ignaciocuevasschotte/Documents/GitHub/Optimizacion-Casas-Ames-Iowa-Capstone-/models/reg/base_reg_vale.joblib,516685.0545443081,473387.53125,13.073015873015873,13.067671775817871,485231.1314399708,31453.9231043373,6.482255788286855,477052.8899999997,39632.16454430838,22947.110000000277,1.0,0.0,1124.0,0.0,1110.0,1124.0,500.0,162.0,0.0,5.0,3.0,1.0,1.0,9.0,10.0,4.0,4.0,
2025-11-29T14:45:22.141374,balanced,,GrnHill,7000.0,500000.0,2,0.9574940204620361,0.0,/Users/ignaciocuevasschotte/Documents/GitHub/Optimizacion-Casas-Ames-Iowa-Capstone-/models/xgb/datos_nuevos/model_xgb.joblib,/Users/ignaciocuevasschotte/Documents/GitHub/Optimizacion-Casas-Ames-Iowa-Capstone-/models/reg/base_reg_vale.joblib,534097.1165658974,496047.28125,13.114444864876589,13.114428520202637,492905.48796984885,41191.62859604851,8.356902002796977,498577.39,35519.72656589735,1422.609999999986,1.0,0.0,1302.0,0.0,1277.0,1302.0,450.0,0.0,0.0,5.0,3.0,1.0,1.0,9.0,10.0,4.0,3.0,
2025-11-29T14:45:24.452689,balanced,,IDOTRR,7000.0,500000.0,2,1.3452050685882568,0.0,/Users/ignaciocuevasschotte/Documents/GitHub/Optimizacion-Casas-Ames-Iowa-Capstone-/models/xgb/datos_nuevos/model_xgb.joblib,/Users/ignaciocuevasschotte/Documents/GitHub/Optimizacion-Casas-Ames-Iowa-Capstone-/models/reg/base_reg_vale.joblib,374362.6388905545,357203.3125,12.786071548176633,12.786063194274902,358106.2578415115,16256.381049042975,4.539541181723115,277612.88999999914,96749.74889055535,222387.11000000086,1.0,0.0,480.0,0.0,292.0,480.0,450.0,196.0,0.0,5.0,3.0,1.0,1.0,9.0,10.0,4.0,3.0,
2025-11-29T14:45:28.930810,balanced,,MeadowV,7000.0,500000.0,2,3.4996769428253174,0.0,/Users/ignaciocuevasschotte/Documents/GitHub/Optimizacion-Casas-Ames-Iowa-Capstone-/models/xgb/datos_nuevos/model_xgb.joblib,/Users/ignaciocuevasschotte/Documents/GitHub/Optimizacion-Casas-Ames-Iowa-Capstone-/models/reg/base_reg_vale.joblib,364829.92576102214,364822.5,12.807179786253275,12.807168960571289,322239.3722252528,42590.553535769344,13.217054527401933,306617.8899999989,58212.03576102323,193382.1100000011,1.0,0.0,629.999999999996,0.0,292.0,629.999999999996,449.99999999999835,162.0,0.0,5.0,3.0,1.0,1.0,9.0,10.0,4.0,3.0,
2025-11-29T14:45:33.489175,balanced,,Mitchel,7000.0,500000.0,2,3.598052978515625,0.0,/Users/ignaciocuevasschotte/Documents/GitHub/Optimizacion-Casas-Ames-Iowa-Capstone-/models/xgb/datos_nuevos/model_xgb.joblib,/Users/ignaciocuevasschotte/Documents/GitHub/Optimizacion-Casas-Ames-Iowa-Capstone-/models/reg/base_reg_vale.joblib,457298.8446689266,399734.59375,12.898566927978585,12.898558616638184,413025.2382091442,44273.6064597824,10.719346510578976,367601.3899999962,89697.45466893044,132398.61000000383,1.0,0.0,770.0,0.0,770.0,770.0,450.0,162.0,0.0,5.0,3.0,1.0,1.0,9.0,10.0,4.0,3.0,
2025-11-29T14:45:35.556681,balanced,,NPkVill,7000.0,500000.0,2,1.0890250205993652,0.0,/Users/ignaciocuevasschotte/Documents/GitHub/Optimizacion-Casas-Ames-Iowa-Capstone-/models/xgb/datos_nuevos/model_xgb.joblib,/Users/ignaciocuevasschotte/Documents/GitHub/Optimizacion-Casas-Ames-Iowa-Capstone-/models/reg/base_reg_vale.joblib,410422.6692390554,391570.34375,12.877933958943316,12.877923011779785,406162.46724606183,4260.201992993592,1.0488911055419288,368213.89,42208.77923905541,131786.11,1.0,0.0,836.0,0.0,816.0,836.0,450.0,162.0,0.0,5.0,3.0,1.0,1.0,9.0,10.0,4.0,3.0,
2025-11-29T14:45:37.294145,balanced,,NWAmes,7000.0,500000.0,2,0.7654480934143066,0.0,/Users/ignaciocuevasschotte/Documents/GitHub/Optimizacion-Casas-Ames-Iowa-Capstone-/models/xgb/datos_nuevos/model_xgb.joblib,/Users/ignaciocuevasschotte/Documents/GitHub/Optimizacion-Casas-Ames-Iowa-Capstone-/models/reg/base_reg_vale.joblib,538805.1444991946,502738.125,13.133168811637825,13.127826690673828,472127.07480717526,66678.06969201931,14.122907422594178,498771.88999999984,40033.254499194736,1228.1100000001607,1.0,0.0,1208.0,0.0,1200.0,1208.0,450.0,162.0,0.0,5.0,3.0,1.0,1.0,9.0,10.0,4.0,3.0,
2025-11-29T14:45:39.628232,balanced,,No aplicames,7000.0,500000.0,2,1.3575701713562012,0.0,/Users/ignaciocuevasschotte/Documents/GitHub/Optimizacion-Casas-Ames-Iowa-Capstone-/models/xgb/datos_nuevos/model_xgb.joblib,/Users/ignaciocuevasschotte/Documents/GitHub/Optimizacion-Casas-Ames-Iowa-Capstone-/models/reg/base_reg_vale.joblib,428930.3133496232,400658.96875,12.902162320126813,12.90086841583252,419097.28609800147,9833.027251621708,2.3462397819780585,366615.13998499996,62315.17336462322,133384.86001500004,1.0,0.0,715.0,0.0,675.0,715.0,450.0,162.0,0.0,5.0,3.0,1.0,1.0,9.0,10.0,4.0,3.0,
2025-11-29T14:45:41.165883,balanced,,NridgHt,7000.0,500000.0,2,0.576448917388916,0.0,/Users/ignaciocuevasschotte/Documents/GitHub/Optimizacion-Casas-Ames-Iowa-Capstone-/models/xgb/datos_nuevos/model_xgb.joblib,/Users/ignaciocuevasschotte/Documents/GitHub/Optimizacion-Casas-Ames-Iowa-Capstone-/models/reg/base_reg_vale.joblib,533640.8903427972,487008.46875,13.101530360809505,13.096038818359375,515301.4718939228,18339.418448874378,3.5589687686065123,493898.38999602554,39742.500346771616,6101.610003974463,1.0,0.0,1302.0,0.0,1277.0,1302.0,460.0,0.0,0.0,5.0,3.0,0.0,1.0,9.0,10.0,4.0,3.0,
2025-11-29T14:45:42.977473,balanced,,OldTown,7000.0,500000.0,2,0.8443779945373535,0.0,/Users/ignaciocuevasschotte/Documents/GitHub/Optimizacion-Casas-Ames-Iowa-Capstone-/models/xgb/datos_nuevos/model_xgb.joblib,/Users/ignaciocuevasschotte/Documents/GitHub/Optimizacion-Casas-Ames-Iowa-Capstone-/models/reg/base_reg_vale.joblib,432115.1825386475,381214.09375,12.851127411036325,12.851119041442871,371718.765936959,60396.416601688485,16.247879347563345,306099.3899999991,126015.79253864841,193900.61000000092,1.0,0.0,407.0,0.0,393.0,407.0,675.0,162.0,0.0,5.0,3.0,1.0,1.0,9.0,10.0,4.0,3.0,
2025-11-29T14:45:45.688434,balanced,,SWISU,7000.0,500000.0,2,1.7483468055725098,0.0,/Users/ignaciocuevasschotte/Documents/GitHub/Optimizacion-Casas-Ames-Iowa-Capstone-/models/xgb/datos_nuevos/model_xgb.joblib,/Users/ignaciocuevasschotte/Documents/GitHub/Optimizacion-Casas-Ames-Iowa-Capstone-/models/reg/base_reg_vale.joblib,346317.492796346,344419.5,12.755104830619414,12.749618530273438,343485.9321999792,2831.5605963668204,0.8243599900092188,253589.88999999998,92727.60279634604,246410.11000000002,1.0,0.0,438.0,0.0,292.0,438.0,450.0,0.0,0.0,5.0,3.0,0.0,1.0,9.0,10.0,4.0,3.0,
2025-11-29T14:45:49.513444,balanced,,SawyerW,7000.0,500000.0,2,2.832200050354004,0.0,/Users/ignaciocuevasschotte/Documents/GitHub/Optimizacion-Casas-Ames-Iowa-Capstone-/models/xgb/datos_nuevos/model_xgb.joblib,/Users/ignaciocuevasschotte/Documents/GitHub/Optimizacion-Casas-Ames-Iowa-Capstone-/models/reg/base_reg_vale.joblib,458843.755215778,400364.875,12.90014286297018,12.900134086608887,398193.4301454744,60650.32507030363,15.231372614095088,366061.3899999993,92782.3652157787,133938.61000000068,1.0,0.0,770.0,0.0,770.0,770.0,450.0,162.0,0.0,5.0,3.0,1.0,1.0,9.0,10.0,4.0,3.0,
2025-11-29T14:45:52.602714,balanced,,Sawyer,7000.0,500000.0,2,2.0870680809020996,0.0,/Users/ignaciocuevasschotte/Documents/GitHub/Optimizacion-Casas-Ames-Iowa-Capstone-/models/xgb/datos_nuevos/model_xgb.joblib,/Users/ignaciocuevasschotte/Documents/GitHub/Optimizacion-Casas-Ames-Iowa-Capstone-/models/reg/base_reg_vale.joblib,473706.98711566,417682.4375,12.942489132349976,12.942479133605957,429218.92986578355,44488.05724987644,10.364887043492658,386230.63999999984,87476.34711566014,113769.36000000016,1.0,0.0,833.0,0.0,816.0,833.0,450.0,162.0,0.0,5.0,3.0,1.0,1.0,9.0,10.0,4.0,3.0,
2025-11-29T14:45:54.633180,balanced,,Somerst,7000.0,500000.0,2,1.0407869815826416,0.0,/Users/ignaciocuevasschotte/Documents/GitHub/Optimizacion-Casas-Ames-Iowa-Capstone-/models/xgb/datos_nuevos/model_xgb.joblib,/Users/ignaciocuevasschotte/Documents/GitHub/Optimizacion-Casas-Ames-Iowa-Capstone-/models/reg/base_reg_vale.joblib,540936.795930251,494866.9375,13.112060232102657,13.112046241760254,528854.9290595264,12081.866870724596,2.284533282541212,481734.88999999943,59201.90593025158,18265.110000000568,1.0,0.0,1208.0,0.0,1200.0,1208.0,450.0,162.0,0.0,5.0,3.0,1.0,1.0,9.0,10.0,4.0,4.0,
2025-11-29T14:45:56.321768,balanced,,StoneBr,7000.0,500000.0,2,0.697808027267456,0.0,/Users/ignaciocuevasschotte/Documents/GitHub/Optimizacion-Casas-Ames-Iowa-Capstone-/models/xgb/datos_nuevos/model_xgb.joblib,/Users/ignaciocuevasschotte/Documents/GitHub/Optimizacion-Casas-Ames-Iowa-Capstone-/models/reg/base_reg_vale.joblib,510073.2671937558,479527.59375,13.08057691498516,13.080558776855469,521074.4390049634,-11001.171811207605,-2.1112476428924998,468477.88999999914,41595.377193756634,31522.11000000086,1.0,0.0,1200.0,0.0,1200.0,1200.0,450.0,0.0,0.0,5.0,3.0,1.0,1.0,9.0,10.0,4.0,3.0,
2025-11-29T14:45:58.325001,balanced,,Timber,7000.0,500000.0,2,1.0308749675750732,0.0,/Users/ignaciocuevasschotte/Documents/GitHub/Optimizacion-Casas-Ames-Iowa-Capstone-/models/xgb/datos_nuevos/model_xgb.joblib,/Users/ignaciocuevasschotte/Documents/GitHub/Optimizacion-Casas-Ames-Iowa-Capstone-/models/reg/base_reg_vale.joblib,521039.0299271983,513991.6875,13.149976467728656,13.149964332580566,495654.18247881305,25384.847448385262,5.121483555618004,496355.88999999966,24683.139927198645,3644.1100000003353,1.0,0.0,1208.0,0.0,1200.0,1208.0,450.0,162.0,0.0,5.0,3.0,1.0,1.0,9.0,10.0,4.0,3.0,
2025-11-29T14:46:00.071519,balanced,,Veenker,7000.0,500000.0,2,0.7904820442199707,0.0,/Users/ignaciocuevasschotte/Documents/GitHub/Optimizacion-Casas-Ames-Iowa-Capstone-/models/xgb/datos_nuevos/model_xgb.joblib,/Users/ignaciocuevasschotte/Documents/GitHub/Optimizacion-Casas-Ames-Iowa-Capstone-/models/reg/base_reg_vale.joblib,522462.96703290526,505454.8125,13.138561407683857,13.13321590423584,472545.41313432256,49917.5538985827,10.563546383296176,499706.8899999998,22756.07703290548,293.11000000021886,1.0,0.0,1248.0,0.0,1246.0,1248.0,460.0,0.0,0.0,5.0,3.0,1.0,1.0,9.0,10.0,4.0,3.0,
