pid,presupuesto,error,timestamp
526301100,20000,'CostTables' object has no attribute 'garage_finish_costs',2025-10-20 18:25:00.461127
526301100,40000,'CostTables' object has no attribute 'garage_finish_costs',2025-10-20 18:25:01.153884
526301100,60000,'CostTables' object has no attribute 'garage_finish_costs',2025-10-20 18:25:01.867401
526301100,80000,'CostTables' object has no attribute 'garage_finish_costs',2025-10-20 18:25:02.584047
526301101,20000,PID 526301101 no encontrado en base. Ejemplo de PID: 526301100,2025-10-20 18:25:02.639790
526301101,40000,PID 526301101 no encontrado en base. Ejemplo de PID: 526301100,2025-10-20 18:25:02.695797
526301101,60000,PID 526301101 no encontrado en base. Ejemplo de PID: 526301100,2025-10-20 18:25:02.753987
526301101,80000,PID 526301101 no encontrado en base. Ejemplo de PID: 526301100,2025-10-20 18:25:02.812848
526301102,20000,PID 526301102 no encontrado en base. Ejemplo de PID: 526301100,2025-10-20 18:25:02.893177
526301102,40000,PID 526301102 no encontrado en base. Ejemplo de PID: 526301100,2025-10-20 18:25:02.952933
526301102,60000,PID 526301102 no encontrado en base. Ejemplo de PID: 526301100,2025-10-20 18:25:03.012858
526301102,80000,PID 526301102 no encontrado en base. Ejemplo de PID: 526301100,2025-10-20 18:25:03.073622
526301103,20000,PID 526301103 no encontrado en base. Ejemplo de PID: 526301100,2025-10-20 18:25:03.133126
526301103,40000,PID 526301103 no encontrado en base. Ejemplo de PID: 526301100,2025-10-20 18:25:03.194379
526301103,60000,PID 526301103 no encontrado en base. Ejemplo de PID: 526301100,2025-10-20 18:25:03.258141
526301103,80000,PID 526301103 no encontrado en base. Ejemplo de PID: 526301100,2025-10-20 18:25:03.317962
526301104,20000,PID 526301104 no encontrado en base. Ejemplo de PID: 526301100,2025-10-20 18:25:03.378507
526301104,40000,PID 526301104 no encontrado en base. Ejemplo de PID: 526301100,2025-10-20 18:25:03.440108
526301104,60000,PID 526301104 no encontrado en base. Ejemplo de PID: 526301100,2025-10-20 18:25:03.504098
526301104,80000,PID 526301104 no encontrado en base. Ejemplo de PID: 526301100,2025-10-20 18:25:03.566212
526301105,20000,PID 526301105 no encontrado en base. Ejemplo de PID: 526301100,2025-10-20 18:25:03.629762
526301105,40000,PID 526301105 no encontrado en base. Ejemplo de PID: 526301100,2025-10-20 18:25:03.692729
526301105,60000,PID 526301105 no encontrado en base. Ejemplo de PID: 526301100,2025-10-20 18:25:03.755434
526301105,80000,PID 526301105 no encontrado en base. Ejemplo de PID: 526301100,2025-10-20 18:25:03.818534
526301106,20000,PID 526301106 no encontrado en base. Ejemplo de PID: 526301100,2025-10-20 18:25:03.882878
526301106,40000,PID 526301106 no encontrado en base. Ejemplo de PID: 526301100,2025-10-20 18:25:03.947952
526301106,60000,PID 526301106 no encontrado en base. Ejemplo de PID: 526301100,2025-10-20 18:25:04.010136
526301106,80000,PID 526301106 no encontrado en base. Ejemplo de PID: 526301100,2025-10-20 18:25:04.069213
526301107,20000,PID 526301107 no encontrado en base. Ejemplo de PID: 526301100,2025-10-20 18:25:04.131545
526301107,40000,PID 526301107 no encontrado en base. Ejemplo de PID: 526301100,2025-10-20 18:25:04.191956
526301107,60000,PID 526301107 no encontrado en base. Ejemplo de PID: 526301100,2025-10-20 18:25:04.254062
526301107,80000,PID 526301107 no encontrado en base. Ejemplo de PID: 526301100,2025-10-20 18:25:04.314797
526301108,20000,PID 526301108 no encontrado en base. Ejemplo de PID: 526301100,2025-10-20 18:25:04.377408
526301108,40000,PID 526301108 no encontrado en base. Ejemplo de PID: 526301100,2025-10-20 18:25:04.435673
526301108,60000,PID 526301108 no encontrado en base. Ejemplo de PID: 526301100,2025-10-20 18:25:04.494736
526301108,80000,PID 526301108 no encontrado en base. Ejemplo de PID: 526301100,2025-10-20 18:25:04.556457
526301109,20000,PID 526301109 no encontrado en base. Ejemplo de PID: 526301100,2025-10-20 18:25:04.619901
526301109,40000,PID 526301109 no encontrado en base. Ejemplo de PID: 526301100,2025-10-20 18:25:04.681822
526301109,60000,PID 526301109 no encontrado en base. Ejemplo de PID: 526301100,2025-10-20 18:25:04.745970
526301109,80000,PID 526301109 no encontrado en base. Ejemplo de PID: 526301100,2025-10-20 18:25:04.806339
526301110,20000,PID 526301110 no encontrado en base. Ejemplo de PID: 526301100,2025-10-20 18:25:04.867973
526301110,40000,PID 526301110 no encontrado en base. Ejemplo de PID: 526301100,2025-10-20 18:25:04.928621
526301110,60000,PID 526301110 no encontrado en base. Ejemplo de PID: 526301100,2025-10-20 18:25:04.989365
526301110,80000,PID 526301110 no encontrado en base. Ejemplo de PID: 526301100,2025-10-20 18:25:05.050792
526301111,20000,PID 526301111 no encontrado en base. Ejemplo de PID: 526301100,2025-10-20 18:25:05.111381
526301111,40000,PID 526301111 no encontrado en base. Ejemplo de PID: 526301100,2025-10-20 18:25:05.173396
526301111,60000,PID 526301111 no encontrado en base. Ejemplo de PID: 526301100,2025-10-20 18:25:05.238046
526301111,80000,PID 526301111 no encontrado en base. Ejemplo de PID: 526301100,2025-10-20 18:25:05.299754
526301112,20000,PID 526301112 no encontrado en base. Ejemplo de PID: 526301100,2025-10-20 18:25:05.359195
526301112,40000,PID 526301112 no encontrado en base. Ejemplo de PID: 526301100,2025-10-20 18:25:05.420061
526301112,60000,PID 526301112 no encontrado en base. Ejemplo de PID: 526301100,2025-10-20 18:25:05.481525
526301112,80000,PID 526301112 no encontrado en base. Ejemplo de PID: 526301100,2025-10-20 18:25:05.545177
526301113,20000,PID 526301113 no encontrado en base. Ejemplo de PID: 526301100,2025-10-20 18:25:05.608118
526301113,40000,PID 526301113 no encontrado en base. Ejemplo de PID: 526301100,2025-10-20 18:25:05.670856
526301113,60000,PID 526301113 no encontrado en base. Ejemplo de PID: 526301100,2025-10-20 18:25:05.730918
526301113,80000,PID 526301113 no encontrado en base. Ejemplo de PID: 526301100,2025-10-20 18:25:05.793511
526301114,20000,PID 526301114 no encontrado en base. Ejemplo de PID: 526301100,2025-10-20 18:25:05.855720
526301114,40000,PID 526301114 no encontrado en base. Ejemplo de PID: 526301100,2025-10-20 18:25:05.918100
526301114,60000,PID 526301114 no encontrado en base. Ejemplo de PID: 526301100,2025-10-20 18:25:05.979022
526301114,80000,PID 526301114 no encontrado en base. Ejemplo de PID: 526301100,2025-10-20 18:25:06.042153
526301115,20000,PID 526301115 no encontrado en base. Ejemplo de PID: 526301100,2025-10-20 18:25:06.107393
526301115,40000,PID 526301115 no encontrado en base. Ejemplo de PID: 526301100,2025-10-20 18:25:06.170344
526301115,60000,PID 526301115 no encontrado en base. Ejemplo de PID: 526301100,2025-10-20 18:25:06.233524
526301115,80000,PID 526301115 no encontrado en base. Ejemplo de PID: 526301100,2025-10-20 18:25:06.294740
526301116,20000,PID 526301116 no encontrado en base. Ejemplo de PID: 526301100,2025-10-20 18:25:06.354354
526301116,40000,PID 526301116 no encontrado en base. Ejemplo de PID: 526301100,2025-10-20 18:25:06.414119
526301116,60000,PID 526301116 no encontrado en base. Ejemplo de PID: 526301100,2025-10-20 18:25:06.474021
526301116,80000,PID 526301116 no encontrado en base. Ejemplo de PID: 526301100,2025-10-20 18:25:06.535637
526301117,20000,PID 526301117 no encontrado en base. Ejemplo de PID: 526301100,2025-10-20 18:25:06.599003
526301117,40000,PID 526301117 no encontrado en base. Ejemplo de PID: 526301100,2025-10-20 18:25:06.661466
526301117,60000,PID 526301117 no encontrado en base. Ejemplo de PID: 526301100,2025-10-20 18:25:06.723195
526301117,80000,PID 526301117 no encontrado en base. Ejemplo de PID: 526301100,2025-10-20 18:25:06.786054
526301118,20000,PID 526301118 no encontrado en base. Ejemplo de PID: 526301100,2025-10-20 18:25:06.846690
526301118,40000,PID 526301118 no encontrado en base. Ejemplo de PID: 526301100,2025-10-20 18:25:06.910425
526301118,60000,PID 526301118 no encontrado en base. Ejemplo de PID: 526301100,2025-10-20 18:25:06.972511
526301118,80000,PID 526301118 no encontrado en base. Ejemplo de PID: 526301100,2025-10-20 18:25:07.034477
526301119,20000,PID 526301119 no encontrado en base. Ejemplo de PID: 526301100,2025-10-20 18:25:07.096711
526301119,40000,PID 526301119 no encontrado en base. Ejemplo de PID: 526301100,2025-10-20 18:25:07.158451
526301119,60000,PID 526301119 no encontrado en base. Ejemplo de PID: 526301100,2025-10-20 18:25:07.219993
526301119,80000,PID 526301119 no encontrado en base. Ejemplo de PID: 526301100,2025-10-20 18:25:07.279705
526301120,20000,PID 526301120 no encontrado en base. Ejemplo de PID: 526301100,2025-10-20 18:25:07.342640
526301120,40000,PID 526301120 no encontrado en base. Ejemplo de PID: 526301100,2025-10-20 18:25:07.402614
526301120,60000,PID 526301120 no encontrado en base. Ejemplo de PID: 526301100,2025-10-20 18:25:07.461175
526301120,80000,PID 526301120 no encontrado en base. Ejemplo de PID: 526301100,2025-10-20 18:25:07.523414
526301121,20000,PID 526301121 no encontrado en base. Ejemplo de PID: 526301100,2025-10-20 18:25:07.585673
526301121,40000,PID 526301121 no encontrado en base. Ejemplo de PID: 526301100,2025-10-20 18:25:07.650070
526301121,60000,PID 526301121 no encontrado en base. Ejemplo de PID: 526301100,2025-10-20 18:25:07.711484
526301121,80000,PID 526301121 no encontrado en base. Ejemplo de PID: 526301100,2025-10-20 18:25:07.768835
526301122,20000,PID 526301122 no encontrado en base. Ejemplo de PID: 526301100,2025-10-20 18:25:07.829189
526301122,40000,PID 526301122 no encontrado en base. Ejemplo de PID: 526301100,2025-10-20 18:25:07.891549
526301122,60000,PID 526301122 no encontrado en base. Ejemplo de PID: 526301100,2025-10-20 18:25:07.952509
526301122,80000,PID 526301122 no encontrado en base. Ejemplo de PID: 526301100,2025-10-20 18:25:08.014772
526301123,20000,PID 526301123 no encontrado en base. Ejemplo de PID: 526301100,2025-10-20 18:25:08.077505
526301123,40000,PID 526301123 no encontrado en base. Ejemplo de PID: 526301100,2025-10-20 18:25:08.140985
526301123,60000,PID 526301123 no encontrado en base. Ejemplo de PID: 526301100,2025-10-20 18:25:08.203010
526301123,80000,PID 526301123 no encontrado en base. Ejemplo de PID: 526301100,2025-10-20 18:25:08.264652
526301124,20000,PID 526301124 no encontrado en base. Ejemplo de PID: 526301100,2025-10-20 18:25:08.329086
526301124,40000,PID 526301124 no encontrado en base. Ejemplo de PID: 526301100,2025-10-20 18:25:08.390942
526301124,60000,PID 526301124 no encontrado en base. Ejemplo de PID: 526301100,2025-10-20 18:25:08.456429
526301124,80000,PID 526301124 no encontrado en base. Ejemplo de PID: 526301100,2025-10-20 18:25:08.516342
526301125,20000,PID 526301125 no encontrado en base. Ejemplo de PID: 526301100,2025-10-20 18:25:08.576642
526301125,40000,PID 526301125 no encontrado en base. Ejemplo de PID: 526301100,2025-10-20 18:25:08.638143
526301125,60000,PID 526301125 no encontrado en base. Ejemplo de PID: 526301100,2025-10-20 18:25:08.697796
526301125,80000,PID 526301125 no encontrado en base. Ejemplo de PID: 526301100,2025-10-20 18:25:08.762870
526301126,20000,PID 526301126 no encontrado en base. Ejemplo de PID: 526301100,2025-10-20 18:25:08.852434
526301126,40000,PID 526301126 no encontrado en base. Ejemplo de PID: 526301100,2025-10-20 18:25:08.913532
526301126,60000,PID 526301126 no encontrado en base. Ejemplo de PID: 526301100,2025-10-20 18:25:08.973051
526301126,80000,PID 526301126 no encontrado en base. Ejemplo de PID: 526301100,2025-10-20 18:25:09.034727
526301127,20000,PID 526301127 no encontrado en base. Ejemplo de PID: 526301100,2025-10-20 18:25:09.095582
526301127,40000,PID 526301127 no encontrado en base. Ejemplo de PID: 526301100,2025-10-20 18:25:09.157767
526301127,60000,PID 526301127 no encontrado en base. Ejemplo de PID: 526301100,2025-10-20 18:25:09.221141
526301127,80000,PID 526301127 no encontrado en base. Ejemplo de PID: 526301100,2025-10-20 18:25:09.282172
526301128,20000,PID 526301128 no encontrado en base. Ejemplo de PID: 526301100,2025-10-20 18:25:09.343806
526301128,40000,PID 526301128 no encontrado en base. Ejemplo de PID: 526301100,2025-10-20 18:25:09.403390
526301128,60000,PID 526301128 no encontrado en base. Ejemplo de PID: 526301100,2025-10-20 18:25:09.462168
526301128,80000,PID 526301128 no encontrado en base. Ejemplo de PID: 526301100,2025-10-20 18:25:09.520444
526301129,20000,PID 526301129 no encontrado en base. Ejemplo de PID: 526301100,2025-10-20 18:25:09.583027
526301129,40000,PID 526301129 no encontrado en base. Ejemplo de PID: 526301100,2025-10-20 18:25:09.646979
526301129,60000,PID 526301129 no encontrado en base. Ejemplo de PID: 526301100,2025-10-20 18:25:09.707585
526301129,80000,PID 526301129 no encontrado en base. Ejemplo de PID: 526301100,2025-10-20 18:25:09.767683
526301130,20000,PID 526301130 no encontrado en base. Ejemplo de PID: 526301100,2025-10-20 18:25:09.829383
526301130,40000,PID 526301130 no encontrado en base. Ejemplo de PID: 526301100,2025-10-20 18:25:09.889115
526301130,60000,PID 526301130 no encontrado en base. Ejemplo de PID: 526301100,2025-10-20 18:25:09.969951
526301130,80000,PID 526301130 no encontrado en base. Ejemplo de PID: 526301100,2025-10-20 18:25:10.031521
526301131,20000,PID 526301131 no encontrado en base. Ejemplo de PID: 526301100,2025-10-20 18:25:10.093468
526301131,40000,PID 526301131 no encontrado en base. Ejemplo de PID: 526301100,2025-10-20 18:25:10.154671
526301131,60000,PID 526301131 no encontrado en base. Ejemplo de PID: 526301100,2025-10-20 18:25:10.218057
526301131,80000,PID 526301131 no encontrado en base. Ejemplo de PID: 526301100,2025-10-20 18:25:10.278959
526301132,20000,PID 526301132 no encontrado en base. Ejemplo de PID: 526301100,2025-10-20 18:25:10.338570
526301132,40000,PID 526301132 no encontrado en base. Ejemplo de PID: 526301100,2025-10-20 18:25:10.398642
526301132,60000,PID 526301132 no encontrado en base. Ejemplo de PID: 526301100,2025-10-20 18:25:10.460546
526301132,80000,PID 526301132 no encontrado en base. Ejemplo de PID: 526301100,2025-10-20 18:25:10.519952
526301133,20000,PID 526301133 no encontrado en base. Ejemplo de PID: 526301100,2025-10-20 18:25:10.581247
526301133,40000,PID 526301133 no encontrado en base. Ejemplo de PID: 526301100,2025-10-20 18:25:10.641729
526301133,60000,PID 526301133 no encontrado en base. Ejemplo de PID: 526301100,2025-10-20 18:25:10.700688
526301133,80000,PID 526301133 no encontrado en base. Ejemplo de PID: 526301100,2025-10-20 18:25:10.762330
526301134,20000,PID 526301134 no encontrado en base. Ejemplo de PID: 526301100,2025-10-20 18:25:10.823705
526301134,40000,PID 526301134 no encontrado en base. Ejemplo de PID: 526301100,2025-10-20 18:25:10.890772
526301134,60000,PID 526301134 no encontrado en base. Ejemplo de PID: 526301100,2025-10-20 18:25:10.952829
526301134,80000,PID 526301134 no encontrado en base. Ejemplo de PID: 526301100,2025-10-20 18:25:11.013554
526301135,20000,PID 526301135 no encontrado en base. Ejemplo de PID: 526301100,2025-10-20 18:25:11.075088
526301135,40000,PID 526301135 no encontrado en base. Ejemplo de PID: 526301100,2025-10-20 18:25:11.137406
526301135,60000,PID 526301135 no encontrado en base. Ejemplo de PID: 526301100,2025-10-20 18:25:11.196724
526301135,80000,PID 526301135 no encontrado en base. Ejemplo de PID: 526301100,2025-10-20 18:25:11.257281
526301136,20000,PID 526301136 no encontrado en base. Ejemplo de PID: 526301100,2025-10-20 18:25:11.321655
526301136,40000,PID 526301136 no encontrado en base. Ejemplo de PID: 526301100,2025-10-20 18:25:11.383636
526301136,60000,PID 526301136 no encontrado en base. Ejemplo de PID: 526301100,2025-10-20 18:25:11.442496
526301136,80000,PID 526301136 no encontrado en base. Ejemplo de PID: 526301100,2025-10-20 18:25:11.502747
526301137,20000,PID 526301137 no encontrado en base. Ejemplo de PID: 526301100,2025-10-20 18:25:11.561753
526301137,40000,PID 526301137 no encontrado en base. Ejemplo de PID: 526301100,2025-10-20 18:25:11.622918
526301137,60000,PID 526301137 no encontrado en base. Ejemplo de PID: 526301100,2025-10-20 18:25:11.686729
526301137,80000,PID 526301137 no encontrado en base. Ejemplo de PID: 526301100,2025-10-20 18:25:11.747254
526301138,20000,PID 526301138 no encontrado en base. Ejemplo de PID: 526301100,2025-10-20 18:25:11.807619
526301138,40000,PID 526301138 no encontrado en base. Ejemplo de PID: 526301100,2025-10-20 18:25:11.869198
526301138,60000,PID 526301138 no encontrado en base. Ejemplo de PID: 526301100,2025-10-20 18:25:11.934325
526301138,80000,PID 526301138 no encontrado en base. Ejemplo de PID: 526301100,2025-10-20 18:25:11.995896
526301139,20000,PID 526301139 no encontrado en base. Ejemplo de PID: 526301100,2025-10-20 18:25:12.057022
526301139,40000,PID 526301139 no encontrado en base. Ejemplo de PID: 526301100,2025-10-20 18:25:12.119334
526301139,60000,PID 526301139 no encontrado en base. Ejemplo de PID: 526301100,2025-10-20 18:25:12.182505
526301139,80000,PID 526301139 no encontrado en base. Ejemplo de PID: 526301100,2025-10-20 18:25:12.245118
526301140,20000,PID 526301140 no encontrado en base. Ejemplo de PID: 526301100,2025-10-20 18:25:12.308068
526301140,40000,PID 526301140 no encontrado en base. Ejemplo de PID: 526301100,2025-10-20 18:25:12.371393
526301140,60000,PID 526301140 no encontrado en base. Ejemplo de PID: 526301100,2025-10-20 18:25:12.431896
526301140,80000,PID 526301140 no encontrado en base. Ejemplo de PID: 526301100,2025-10-20 18:25:12.493349
526301141,20000,PID 526301141 no encontrado en base. Ejemplo de PID: 526301100,2025-10-20 18:25:12.555264
526301141,40000,PID 526301141 no encontrado en base. Ejemplo de PID: 526301100,2025-10-20 18:25:12.616247
526301141,60000,PID 526301141 no encontrado en base. Ejemplo de PID: 526301100,2025-10-20 18:25:12.677535
526301141,80000,PID 526301141 no encontrado en base. Ejemplo de PID: 526301100,2025-10-20 18:25:12.740617
526301142,20000,PID 526301142 no encontrado en base. Ejemplo de PID: 526301100,2025-10-20 18:25:12.802314
526301142,40000,PID 526301142 no encontrado en base. Ejemplo de PID: 526301100,2025-10-20 18:25:12.864579
526301142,60000,PID 526301142 no encontrado en base. Ejemplo de PID: 526301100,2025-10-20 18:25:12.927787
526301142,80000,PID 526301142 no encontrado en base. Ejemplo de PID: 526301100,2025-10-20 18:25:12.990757
526301143,20000,PID 526301143 no encontrado en base. Ejemplo de PID: 526301100,2025-10-20 18:25:13.050467
526301143,40000,PID 526301143 no encontrado en base. Ejemplo de PID: 526301100,2025-10-20 18:25:13.107889
526301143,60000,PID 526301143 no encontrado en base. Ejemplo de PID: 526301100,2025-10-20 18:25:13.165086
526301143,80000,PID 526301143 no encontrado en base. Ejemplo de PID: 526301100,2025-10-20 18:25:13.224589
526301144,20000,PID 526301144 no encontrado en base. Ejemplo de PID: 526301100,2025-10-20 18:25:13.284911
526301144,40000,PID 526301144 no encontrado en base. Ejemplo de PID: 526301100,2025-10-20 18:25:13.347159
526301144,60000,PID 526301144 no encontrado en base. Ejemplo de PID: 526301100,2025-10-20 18:25:13.407374
526301144,80000,PID 526301144 no encontrado en base. Ejemplo de PID: 526301100,2025-10-20 18:25:13.470282
526301145,20000,PID 526301145 no encontrado en base. Ejemplo de PID: 526301100,2025-10-20 18:25:13.530394
526301145,40000,PID 526301145 no encontrado en base. Ejemplo de PID: 526301100,2025-10-20 18:25:13.590654
526301145,60000,PID 526301145 no encontrado en base. Ejemplo de PID: 526301100,2025-10-20 18:25:13.671538
526301145,80000,PID 526301145 no encontrado en base. Ejemplo de PID: 526301100,2025-10-20 18:25:13.729410
526301146,20000,PID 526301146 no encontrado en base. Ejemplo de PID: 526301100,2025-10-20 18:25:13.790345
526301146,40000,PID 526301146 no encontrado en base. Ejemplo de PID: 526301100,2025-10-20 18:25:13.851141
526301146,60000,PID 526301146 no encontrado en base. Ejemplo de PID: 526301100,2025-10-20 18:25:13.910815
526301146,80000,PID 526301146 no encontrado en base. Ejemplo de PID: 526301100,2025-10-20 18:25:13.972571
526301147,20000,PID 526301147 no encontrado en base. Ejemplo de PID: 526301100,2025-10-20 18:25:14.037246
526301147,40000,PID 526301147 no encontrado en base. Ejemplo de PID: 526301100,2025-10-20 18:25:14.099884
526301147,60000,PID 526301147 no encontrado en base. Ejemplo de PID: 526301100,2025-10-20 18:25:14.160464
526301147,80000,PID 526301147 no encontrado en base. Ejemplo de PID: 526301100,2025-10-20 18:25:14.218394
526301148,20000,PID 526301148 no encontrado en base. Ejemplo de PID: 526301100,2025-10-20 18:25:14.279263
526301148,40000,PID 526301148 no encontrado en base. Ejemplo de PID: 526301100,2025-10-20 18:25:14.339967
526301148,60000,PID 526301148 no encontrado en base. Ejemplo de PID: 526301100,2025-10-20 18:25:14.403783
526301148,80000,PID 526301148 no encontrado en base. Ejemplo de PID: 526301100,2025-10-20 18:25:14.463197
526301149,20000,PID 526301149 no encontrado en base. Ejemplo de PID: 526301100,2025-10-20 18:25:14.523534
526301149,40000,PID 526301149 no encontrado en base. Ejemplo de PID: 526301100,2025-10-20 18:25:14.588795
526301149,60000,PID 526301149 no encontrado en base. Ejemplo de PID: 526301100,2025-10-20 18:25:14.650064
526301149,80000,PID 526301149 no encontrado en base. Ejemplo de PID: 526301100,2025-10-20 18:25:14.711154
526301150,20000,PID 526301150 no encontrado en base. Ejemplo de PID: 526301100,2025-10-20 18:25:14.770674
526301150,40000,PID 526301150 no encontrado en base. Ejemplo de PID: 526301100,2025-10-20 18:25:14.832723
526301150,60000,PID 526301150 no encontrado en base. Ejemplo de PID: 526301100,2025-10-20 18:25:14.895593
526301150,80000,PID 526301150 no encontrado en base. Ejemplo de PID: 526301100,2025-10-20 18:25:14.957746
526301151,20000,PID 526301151 no encontrado en base. Ejemplo de PID: 526301100,2025-10-20 18:25:15.020184
526301151,40000,PID 526301151 no encontrado en base. Ejemplo de PID: 526301100,2025-10-20 18:25:15.084016
526301151,60000,PID 526301151 no encontrado en base. Ejemplo de PID: 526301100,2025-10-20 18:25:15.145312
526301151,80000,PID 526301151 no encontrado en base. Ejemplo de PID: 526301100,2025-10-20 18:25:15.207057
526301152,20000,PID 526301152 no encontrado en base. Ejemplo de PID: 526301100,2025-10-20 18:25:15.268301
526301152,40000,PID 526301152 no encontrado en base. Ejemplo de PID: 526301100,2025-10-20 18:25:15.334045
526301152,60000,PID 526301152 no encontrado en base. Ejemplo de PID: 526301100,2025-10-20 18:25:15.392773
526301152,80000,PID 526301152 no encontrado en base. Ejemplo de PID: 526301100,2025-10-20 18:25:15.453021
526301153,20000,PID 526301153 no encontrado en base. Ejemplo de PID: 526301100,2025-10-20 18:25:15.516005
526301153,40000,PID 526301153 no encontrado en base. Ejemplo de PID: 526301100,2025-10-20 18:25:15.579606
526301153,60000,PID 526301153 no encontrado en base. Ejemplo de PID: 526301100,2025-10-20 18:25:15.636793
526301153,80000,PID 526301153 no encontrado en base. Ejemplo de PID: 526301100,2025-10-20 18:25:15.699172
526301154,20000,PID 526301154 no encontrado en base. Ejemplo de PID: 526301100,2025-10-20 18:25:15.763210
526301154,40000,PID 526301154 no encontrado en base. Ejemplo de PID: 526301100,2025-10-20 18:25:15.824999
526301154,60000,PID 526301154 no encontrado en base. Ejemplo de PID: 526301100,2025-10-20 18:25:15.886175
526301154,80000,PID 526301154 no encontrado en base. Ejemplo de PID: 526301100,2025-10-20 18:25:15.948115
526301155,20000,PID 526301155 no encontrado en base. Ejemplo de PID: 526301100,2025-10-20 18:25:16.008644
526301155,40000,PID 526301155 no encontrado en base. Ejemplo de PID: 526301100,2025-10-20 18:25:16.072256
526301155,60000,PID 526301155 no encontrado en base. Ejemplo de PID: 526301100,2025-10-20 18:25:16.132567
526301155,80000,PID 526301155 no encontrado en base. Ejemplo de PID: 526301100,2025-10-20 18:25:16.194199
526301156,20000,PID 526301156 no encontrado en base. Ejemplo de PID: 526301100,2025-10-20 18:25:16.303111
526301156,40000,PID 526301156 no encontrado en base. Ejemplo de PID: 526301100,2025-10-20 18:25:16.363670
526301156,60000,PID 526301156 no encontrado en base. Ejemplo de PID: 526301100,2025-10-20 18:25:16.426862
526301156,80000,PID 526301156 no encontrado en base. Ejemplo de PID: 526301100,2025-10-20 18:25:16.489384
526301157,20000,PID 526301157 no encontrado en base. Ejemplo de PID: 526301100,2025-10-20 18:25:16.550901
526301157,40000,PID 526301157 no encontrado en base. Ejemplo de PID: 526301100,2025-10-20 18:25:16.613102
526301157,60000,PID 526301157 no encontrado en base. Ejemplo de PID: 526301100,2025-10-20 18:25:16.678440
526301157,80000,PID 526301157 no encontrado en base. Ejemplo de PID: 526301100,2025-10-20 18:25:16.744328
526301158,20000,PID 526301158 no encontrado en base. Ejemplo de PID: 526301100,2025-10-20 18:25:16.807539
526301158,40000,PID 526301158 no encontrado en base. Ejemplo de PID: 526301100,2025-10-20 18:25:16.869278
526301158,60000,PID 526301158 no encontrado en base. Ejemplo de PID: 526301100,2025-10-20 18:25:16.935617
526301158,80000,PID 526301158 no encontrado en base. Ejemplo de PID: 526301100,2025-10-20 18:25:16.999651
526301159,20000,PID 526301159 no encontrado en base. Ejemplo de PID: 526301100,2025-10-20 18:25:17.063048
526301159,40000,PID 526301159 no encontrado en base. Ejemplo de PID: 526301100,2025-10-20 18:25:17.123787
526301159,60000,PID 526301159 no encontrado en base. Ejemplo de PID: 526301100,2025-10-20 18:25:17.189094
526301159,80000,PID 526301159 no encontrado en base. Ejemplo de PID: 526301100,2025-10-20 18:25:17.252699
526301160,20000,PID 526301160 no encontrado en base. Ejemplo de PID: 526301100,2025-10-20 18:25:17.316189
526301160,40000,PID 526301160 no encontrado en base. Ejemplo de PID: 526301100,2025-10-20 18:25:17.379537
526301160,60000,PID 526301160 no encontrado en base. Ejemplo de PID: 526301100,2025-10-20 18:25:17.444505
526301160,80000,PID 526301160 no encontrado en base. Ejemplo de PID: 526301100,2025-10-20 18:25:17.505911
526301161,20000,PID 526301161 no encontrado en base. Ejemplo de PID: 526301100,2025-10-20 18:25:17.566927
526301161,40000,PID 526301161 no encontrado en base. Ejemplo de PID: 526301100,2025-10-20 18:25:17.631507
526301161,60000,PID 526301161 no encontrado en base. Ejemplo de PID: 526301100,2025-10-20 18:25:17.696781
526301161,80000,PID 526301161 no encontrado en base. Ejemplo de PID: 526301100,2025-10-20 18:25:17.758346
526301162,20000,PID 526301162 no encontrado en base. Ejemplo de PID: 526301100,2025-10-20 18:25:17.824922
526301162,40000,PID 526301162 no encontrado en base. Ejemplo de PID: 526301100,2025-10-20 18:25:17.888243
526301162,60000,PID 526301162 no encontrado en base. Ejemplo de PID: 526301100,2025-10-20 18:25:17.949115
526301162,80000,PID 526301162 no encontrado en base. Ejemplo de PID: 526301100,2025-10-20 18:25:18.014373
526301163,20000,PID 526301163 no encontrado en base. Ejemplo de PID: 526301100,2025-10-20 18:25:18.078981
526301163,40000,PID 526301163 no encontrado en base. Ejemplo de PID: 526301100,2025-10-20 18:25:18.138958
526301163,60000,PID 526301163 no encontrado en base. Ejemplo de PID: 526301100,2025-10-20 18:25:18.202569
526301163,80000,PID 526301163 no encontrado en base. Ejemplo de PID: 526301100,2025-10-20 18:25:18.266060
526301164,20000,PID 526301164 no encontrado en base. Ejemplo de PID: 526301100,2025-10-20 18:25:18.329189
526301164,40000,PID 526301164 no encontrado en base. Ejemplo de PID: 526301100,2025-10-20 18:25:18.390360
526301164,60000,PID 526301164 no encontrado en base. Ejemplo de PID: 526301100,2025-10-20 18:25:18.470367
526301164,80000,PID 526301164 no encontrado en base. Ejemplo de PID: 526301100,2025-10-20 18:25:18.532378
526301165,20000,PID 526301165 no encontrado en base. Ejemplo de PID: 526301100,2025-10-20 18:25:18.596396
526301165,40000,PID 526301165 no encontrado en base. Ejemplo de PID: 526301100,2025-10-20 18:25:18.656663
526301165,60000,PID 526301165 no encontrado en base. Ejemplo de PID: 526301100,2025-10-20 18:25:18.718700
526301165,80000,PID 526301165 no encontrado en base. Ejemplo de PID: 526301100,2025-10-20 18:25:18.781614
526301166,20000,PID 526301166 no encontrado en base. Ejemplo de PID: 526301100,2025-10-20 18:25:18.845275
526301166,40000,PID 526301166 no encontrado en base. Ejemplo de PID: 526301100,2025-10-20 18:25:18.904226
526301166,60000,PID 526301166 no encontrado en base. Ejemplo de PID: 526301100,2025-10-20 18:25:18.966998
526301166,80000,PID 526301166 no encontrado en base. Ejemplo de PID: 526301100,2025-10-20 18:25:19.027996
526301167,20000,PID 526301167 no encontrado en base. Ejemplo de PID: 526301100,2025-10-20 18:25:19.088592
526301167,40000,PID 526301167 no encontrado en base. Ejemplo de PID: 526301100,2025-10-20 18:25:19.154797
526301167,60000,PID 526301167 no encontrado en base. Ejemplo de PID: 526301100,2025-10-20 18:25:19.213412
526301167,80000,PID 526301167 no encontrado en base. Ejemplo de PID: 526301100,2025-10-20 18:25:19.274522
526301168,20000,PID 526301168 no encontrado en base. Ejemplo de PID: 526301100,2025-10-20 18:25:19.338275
526301168,40000,PID 526301168 no encontrado en base. Ejemplo de PID: 526301100,2025-10-20 18:25:19.399461
526301168,60000,PID 526301168 no encontrado en base. Ejemplo de PID: 526301100,2025-10-20 18:25:19.462371
526301168,80000,PID 526301168 no encontrado en base. Ejemplo de PID: 526301100,2025-10-20 18:25:19.524098
526301169,20000,PID 526301169 no encontrado en base. Ejemplo de PID: 526301100,2025-10-20 18:25:19.587430
526301169,40000,PID 526301169 no encontrado en base. Ejemplo de PID: 526301100,2025-10-20 18:25:19.648418
526301169,60000,PID 526301169 no encontrado en base. Ejemplo de PID: 526301100,2025-10-20 18:25:19.711371
526301169,80000,PID 526301169 no encontrado en base. Ejemplo de PID: 526301100,2025-10-20 18:25:19.774758
526301170,20000,PID 526301170 no encontrado en base. Ejemplo de PID: 526301100,2025-10-20 18:25:19.838716
526301170,40000,PID 526301170 no encontrado en base. Ejemplo de PID: 526301100,2025-10-20 18:25:19.900831
526301170,60000,PID 526301170 no encontrado en base. Ejemplo de PID: 526301100,2025-10-20 18:25:19.966348
526301170,80000,PID 526301170 no encontrado en base. Ejemplo de PID: 526301100,2025-10-20 18:25:20.029989
526301171,20000,PID 526301171 no encontrado en base. Ejemplo de PID: 526301100,2025-10-20 18:25:20.090366
526301171,40000,PID 526301171 no encontrado en base. Ejemplo de PID: 526301100,2025-10-20 18:25:20.152751
526301171,60000,PID 526301171 no encontrado en base. Ejemplo de PID: 526301100,2025-10-20 18:25:20.212439
526301171,80000,PID 526301171 no encontrado en base. Ejemplo de PID: 526301100,2025-10-20 18:25:20.275099
526301172,20000,PID 526301172 no encontrado en base. Ejemplo de PID: 526301100,2025-10-20 18:25:20.336447
526301172,40000,PID 526301172 no encontrado en base. Ejemplo de PID: 526301100,2025-10-20 18:25:20.397386
526301172,60000,PID 526301172 no encontrado en base. Ejemplo de PID: 526301100,2025-10-20 18:25:20.458256
526301172,80000,PID 526301172 no encontrado en base. Ejemplo de PID: 526301100,2025-10-20 18:25:20.522377
526301173,20000,PID 526301173 no encontrado en base. Ejemplo de PID: 526301100,2025-10-20 18:25:20.582143
526301173,40000,PID 526301173 no encontrado en base. Ejemplo de PID: 526301100,2025-10-20 18:25:20.645902
526301173,60000,PID 526301173 no encontrado en base. Ejemplo de PID: 526301100,2025-10-20 18:25:20.707444
526301173,80000,PID 526301173 no encontrado en base. Ejemplo de PID: 526301100,2025-10-20 18:25:20.769213
526301174,20000,PID 526301174 no encontrado en base. Ejemplo de PID: 526301100,2025-10-20 18:25:20.831131
526301174,40000,PID 526301174 no encontrado en base. Ejemplo de PID: 526301100,2025-10-20 18:25:20.896721
526301174,60000,PID 526301174 no encontrado en base. Ejemplo de PID: 526301100,2025-10-20 18:25:20.958212
526301174,80000,PID 526301174 no encontrado en base. Ejemplo de PID: 526301100,2025-10-20 18:25:21.021617
526301175,20000,PID 526301175 no encontrado en base. Ejemplo de PID: 526301100,2025-10-20 18:25:21.084279
526301175,40000,PID 526301175 no encontrado en base. Ejemplo de PID: 526301100,2025-10-20 18:25:21.149515
526301175,60000,PID 526301175 no encontrado en base. Ejemplo de PID: 526301100,2025-10-20 18:25:21.204869
526301175,80000,PID 526301175 no encontrado en base. Ejemplo de PID: 526301100,2025-10-20 18:25:21.262863
526301176,20000,PID 526301176 no encontrado en base. Ejemplo de PID: 526301100,2025-10-20 18:25:21.322035
526301176,40000,PID 526301176 no encontrado en base. Ejemplo de PID: 526301100,2025-10-20 18:25:21.382326
526301176,60000,PID 526301176 no encontrado en base. Ejemplo de PID: 526301100,2025-10-20 18:25:21.444736
526301176,80000,PID 526301176 no encontrado en base. Ejemplo de PID: 526301100,2025-10-20 18:25:21.506405
526301177,20000,PID 526301177 no encontrado en base. Ejemplo de PID: 526301100,2025-10-20 18:25:21.566979
526301177,40000,PID 526301177 no encontrado en base. Ejemplo de PID: 526301100,2025-10-20 18:25:21.628108
526301177,60000,PID 526301177 no encontrado en base. Ejemplo de PID: 526301100,2025-10-20 18:25:21.690658
526301177,80000,PID 526301177 no encontrado en base. Ejemplo de PID: 526301100,2025-10-20 18:25:21.755513
526301178,20000,PID 526301178 no encontrado en base. Ejemplo de PID: 526301100,2025-10-20 18:25:21.816961
526301178,40000,PID 526301178 no encontrado en base. Ejemplo de PID: 526301100,2025-10-20 18:25:21.879078
526301178,60000,PID 526301178 no encontrado en base. Ejemplo de PID: 526301100,2025-10-20 18:25:21.940811
526301178,80000,PID 526301178 no encontrado en base. Ejemplo de PID: 526301100,2025-10-20 18:25:22.003613
526301179,20000,PID 526301179 no encontrado en base. Ejemplo de PID: 526301100,2025-10-20 18:25:22.062841
526301179,40000,PID 526301179 no encontrado en base. Ejemplo de PID: 526301100,2025-10-20 18:25:22.124366
526301179,60000,PID 526301179 no encontrado en base. Ejemplo de PID: 526301100,2025-10-20 18:25:22.187183
526301179,80000,PID 526301179 no encontrado en base. Ejemplo de PID: 526301100,2025-10-20 18:25:22.247039
526301180,20000,PID 526301180 no encontrado en base. Ejemplo de PID: 526301100,2025-10-20 18:25:22.311281
526301180,40000,PID 526301180 no encontrado en base. Ejemplo de PID: 526301100,2025-10-20 18:25:22.375289
526301180,60000,PID 526301180 no encontrado en base. Ejemplo de PID: 526301100,2025-10-20 18:25:22.437406
526301180,80000,PID 526301180 no encontrado en base. Ejemplo de PID: 526301100,2025-10-20 18:25:22.497255
526301181,20000,PID 526301181 no encontrado en base. Ejemplo de PID: 526301100,2025-10-20 18:25:22.559320
526301181,40000,PID 526301181 no encontrado en base. Ejemplo de PID: 526301100,2025-10-20 18:25:22.623250
526301181,60000,PID 526301181 no encontrado en base. Ejemplo de PID: 526301100,2025-10-20 18:25:22.685954
526301181,80000,PID 526301181 no encontrado en base. Ejemplo de PID: 526301100,2025-10-20 18:25:22.748369
526301182,20000,PID 526301182 no encontrado en base. Ejemplo de PID: 526301100,2025-10-20 18:25:22.809171
526301182,40000,PID 526301182 no encontrado en base. Ejemplo de PID: 526301100,2025-10-20 18:25:22.872672
526301182,60000,PID 526301182 no encontrado en base. Ejemplo de PID: 526301100,2025-10-20 18:25:22.938679
526301182,80000,PID 526301182 no encontrado en base. Ejemplo de PID: 526301100,2025-10-20 18:25:22.999930
526301183,20000,PID 526301183 no encontrado en base. Ejemplo de PID: 526301100,2025-10-20 18:25:23.063917
526301183,40000,PID 526301183 no encontrado en base. Ejemplo de PID: 526301100,2025-10-20 18:25:23.126077
526301183,60000,PID 526301183 no encontrado en base. Ejemplo de PID: 526301100,2025-10-20 18:25:23.186962
526301183,80000,PID 526301183 no encontrado en base. Ejemplo de PID: 526301100,2025-10-20 18:25:23.245496
526301184,20000,PID 526301184 no encontrado en base. Ejemplo de PID: 526301100,2025-10-20 18:25:23.305778
526301184,40000,PID 526301184 no encontrado en base. Ejemplo de PID: 526301100,2025-10-20 18:25:23.369045
526301184,60000,PID 526301184 no encontrado en base. Ejemplo de PID: 526301100,2025-10-20 18:25:23.431450
526301184,80000,PID 526301184 no encontrado en base. Ejemplo de PID: 526301100,2025-10-20 18:25:23.518353
526301185,20000,PID 526301185 no encontrado en base. Ejemplo de PID: 526301100,2025-10-20 18:25:23.581371
526301185,40000,PID 526301185 no encontrado en base. Ejemplo de PID: 526301100,2025-10-20 18:25:23.644520
526301185,60000,PID 526301185 no encontrado en base. Ejemplo de PID: 526301100,2025-10-20 18:25:23.706957
526301185,80000,PID 526301185 no encontrado en base. Ejemplo de PID: 526301100,2025-10-20 18:25:23.771671
526301186,20000,PID 526301186 no encontrado en base. Ejemplo de PID: 526301100,2025-10-20 18:25:23.832731
526301186,40000,PID 526301186 no encontrado en base. Ejemplo de PID: 526301100,2025-10-20 18:25:23.897255
526301186,60000,PID 526301186 no encontrado en base. Ejemplo de PID: 526301100,2025-10-20 18:25:23.958762
526301186,80000,PID 526301186 no encontrado en base. Ejemplo de PID: 526301100,2025-10-20 18:25:24.017636
526301187,20000,PID 526301187 no encontrado en base. Ejemplo de PID: 526301100,2025-10-20 18:25:24.080678
526301187,40000,PID 526301187 no encontrado en base. Ejemplo de PID: 526301100,2025-10-20 18:25:24.146050
526301187,60000,PID 526301187 no encontrado en base. Ejemplo de PID: 526301100,2025-10-20 18:25:24.205901
526301187,80000,PID 526301187 no encontrado en base. Ejemplo de PID: 526301100,2025-10-20 18:25:24.269540
526301188,20000,PID 526301188 no encontrado en base. Ejemplo de PID: 526301100,2025-10-20 18:25:24.331422
526301188,40000,PID 526301188 no encontrado en base. Ejemplo de PID: 526301100,2025-10-20 18:25:24.392279
526301188,60000,PID 526301188 no encontrado en base. Ejemplo de PID: 526301100,2025-10-20 18:25:24.457660
526301188,80000,PID 526301188 no encontrado en base. Ejemplo de PID: 526301100,2025-10-20 18:25:24.518446
526301189,20000,PID 526301189 no encontrado en base. Ejemplo de PID: 526301100,2025-10-20 18:25:24.580158
526301189,40000,PID 526301189 no encontrado en base. Ejemplo de PID: 526301100,2025-10-20 18:25:24.642720
526301189,60000,PID 526301189 no encontrado en base. Ejemplo de PID: 526301100,2025-10-20 18:25:24.704600
526301189,80000,PID 526301189 no encontrado en base. Ejemplo de PID: 526301100,2025-10-20 18:25:24.765957
526301190,20000,PID 526301190 no encontrado en base. Ejemplo de PID: 526301100,2025-10-20 18:25:24.831793
526301190,40000,PID 526301190 no encontrado en base. Ejemplo de PID: 526301100,2025-10-20 18:25:24.894189
526301190,60000,PID 526301190 no encontrado en base. Ejemplo de PID: 526301100,2025-10-20 18:25:24.957297
526301190,80000,PID 526301190 no encontrado en base. Ejemplo de PID: 526301100,2025-10-20 18:25:25.022807
526301191,20000,PID 526301191 no encontrado en base. Ejemplo de PID: 526301100,2025-10-20 18:25:25.087651
526301191,40000,PID 526301191 no encontrado en base. Ejemplo de PID: 526301100,2025-10-20 18:25:25.149468
526301191,60000,PID 526301191 no encontrado en base. Ejemplo de PID: 526301100,2025-10-20 18:25:25.213355
526301191,80000,PID 526301191 no encontrado en base. Ejemplo de PID: 526301100,2025-10-20 18:25:25.273284
526301192,20000,PID 526301192 no encontrado en base. Ejemplo de PID: 526301100,2025-10-20 18:25:25.334264
526301192,40000,PID 526301192 no encontrado en base. Ejemplo de PID: 526301100,2025-10-20 18:25:25.394921
526301192,60000,PID 526301192 no encontrado en base. Ejemplo de PID: 526301100,2025-10-20 18:25:25.457185
526301192,80000,PID 526301192 no encontrado en base. Ejemplo de PID: 526301100,2025-10-20 18:25:25.522344
526301193,20000,PID 526301193 no encontrado en base. Ejemplo de PID: 526301100,2025-10-20 18:25:25.604551
526301193,40000,PID 526301193 no encontrado en base. Ejemplo de PID: 526301100,2025-10-20 18:25:25.666211
526301193,60000,PID 526301193 no encontrado en base. Ejemplo de PID: 526301100,2025-10-20 18:25:25.729327
526301193,80000,PID 526301193 no encontrado en base. Ejemplo de PID: 526301100,2025-10-20 18:25:25.791834
526301194,20000,PID 526301194 no encontrado en base. Ejemplo de PID: 526301100,2025-10-20 18:25:25.854180
526301194,40000,PID 526301194 no encontrado en base. Ejemplo de PID: 526301100,2025-10-20 18:25:25.917538
526301194,60000,PID 526301194 no encontrado en base. Ejemplo de PID: 526301100,2025-10-20 18:25:25.980104
526301194,80000,PID 526301194 no encontrado en base. Ejemplo de PID: 526301100,2025-10-20 18:25:26.042006
526301195,20000,PID 526301195 no encontrado en base. Ejemplo de PID: 526301100,2025-10-20 18:25:26.104481
526301195,40000,PID 526301195 no encontrado en base. Ejemplo de PID: 526301100,2025-10-20 18:25:26.165293
526301195,60000,PID 526301195 no encontrado en base. Ejemplo de PID: 526301100,2025-10-20 18:25:26.229502
526301195,80000,PID 526301195 no encontrado en base. Ejemplo de PID: 526301100,2025-10-20 18:25:26.290505
526301196,20000,PID 526301196 no encontrado en base. Ejemplo de PID: 526301100,2025-10-20 18:25:26.355007
526301196,40000,PID 526301196 no encontrado en base. Ejemplo de PID: 526301100,2025-10-20 18:25:26.415715
526301196,60000,PID 526301196 no encontrado en base. Ejemplo de PID: 526301100,2025-10-20 18:25:26.479245
526301196,80000,PID 526301196 no encontrado en base. Ejemplo de PID: 526301100,2025-10-20 18:25:26.542578
526301197,20000,PID 526301197 no encontrado en base. Ejemplo de PID: 526301100,2025-10-20 18:25:26.604582
526301197,40000,PID 526301197 no encontrado en base. Ejemplo de PID: 526301100,2025-10-20 18:25:26.665084
526301197,60000,PID 526301197 no encontrado en base. Ejemplo de PID: 526301100,2025-10-20 18:25:26.729897
526301197,80000,PID 526301197 no encontrado en base. Ejemplo de PID: 526301100,2025-10-20 18:25:26.789869
526301198,20000,PID 526301198 no encontrado en base. Ejemplo de PID: 526301100,2025-10-20 18:25:26.851990
526301198,40000,PID 526301198 no encontrado en base. Ejemplo de PID: 526301100,2025-10-20 18:25:26.913922
526301198,60000,PID 526301198 no encontrado en base. Ejemplo de PID: 526301100,2025-10-20 18:25:26.977736
526301198,80000,PID 526301198 no encontrado en base. Ejemplo de PID: 526301100,2025-10-20 18:25:27.040544
526301199,20000,PID 526301199 no encontrado en base. Ejemplo de PID: 526301100,2025-10-20 18:25:27.104426
526301199,40000,PID 526301199 no encontrado en base. Ejemplo de PID: 526301100,2025-10-20 18:25:27.166672
526301199,60000,PID 526301199 no encontrado en base. Ejemplo de PID: 526301100,2025-10-20 18:25:27.227991
526301199,80000,PID 526301199 no encontrado en base. Ejemplo de PID: 526301100,2025-10-20 18:25:27.289301
