neighborhood,budget,n,base_price_mean,base_price_median,base_price_p10,base_price_p90,base_price_std,opt_price_mean,opt_price_median,opt_price_p10,opt_price_p90,opt_price_std,cost_mean,cost_median,cost_p10,cost_p90,cost_std,net_gain_mean,net_gain_median,net_gain_p10,net_gain_p90,net_gain_std,net_gain_per_cost_mean,net_gain_per_cost_median,net_gain_per_cost_p10,net_gain_per_cost_p90,net_gain_per_cost_std,price_uplift_mean,price_uplift_median,price_uplift_p10,price_uplift_p90,price_uplift_std
Blmngtn,20000.0,3.0,294281.4270833333,288703.3125,286437.8375,304356.2625,12196.494278996368,446984.1663901652,449593.70598811755,437803.7859385239,455120.7310026256,11056.516821727666,19551.368,19871.608000000007,19077.9696,19896.67039999999,582.013618864713,133151.3713068319,129113.22917612549,128486.6868402272,139431.31262571915,7682.5057448574225,6.822367512397084,6.497371988020569,6.4577103988153,7.3170228357294755,0.6063505969037384,1.519767225890977,1.521160218707994,1.4889161912326807,1.550061063422466,0.03823458134273417
Blmngtn,50000.0,3.0,294281.4270833333,288703.3125,286437.8375,304356.2625,12196.494278996368,478323.82360716263,478945.2805472581,474298.45760506176,482100.60683322535,4905.953547454818,40794.045333333335,39962.856,39122.843199999996,42797.7232,2406.958043025542,143248.35119049597,145520.59936951264,133674.459511709,151913.34359767628,11567.905279338553,3.5129979362496413,3.5284783046996533,3.3223840086848075,3.6974197164344695,0.2347803946954658,1.62722508596097,1.6388338179164905,1.570692918904556,1.6791137602351762,0.06850474190207961
Blmngtn,100000.0,3.0,294281.4270833333,288703.3125,286437.8375,304356.2625,12196.494278996368,513895.1670823523,506804.439996163,502043.1853196288,528583.4396795513,17687.827402691524,69545.99733333332,65262.856,64422.843199999996,76382.40799999998,8344.491202881401,150067.74266568557,147936.71915049525,136205.01102702942,164782.8837104178,17956.262276522513,2.160238491843003,2.1347842772321624,2.060622216290132,2.27003645324021,0.132727286423399,1.748979099538264,1.734835902343501,1.6621915279858255,1.8414239499686076,0.11268789645909673
Blueste,20000.0,3.0,214393.70833333334,189242.9375,182693.8375,256153.8875,50817.13766944538,298730.69891138095,272674.2179202432,230478.19518797565,377405.79503124143,94561.66304746634,13636.666666666666,15315.0,8499.0,18103.0,6175.970234168339,70700.32391138097,64631.280420243216,38588.357687975644,105239.9075312414,41987.48423634063,5.231060484638227,4.720769242812177,3.694421100487679,6.971816365519194,2.0955013434756373,1.3781852036460365,1.4408686607934482,1.2599327735020653,1.471364250931043,0.14286051433526173
Blueste,50000.0,3.0,214393.70833333334,189242.9375,182693.8375,256153.8875,50817.13766944538,311229.51041547605,272674.2179202432,230478.19520502648,407402.9426240188,115509.17604531454,22377.178666666663,18800.0,9196.0,36989.2288,17644.85013593953,74458.62341547608,64631.280420243216,38588.35770502648,114259.82632401882,48054.32460547976,3.736044839584333,3.437834064906554,3.1271917792994026,4.4641822097403745,0.8746178562994009,1.4239882565547777,1.4408686607934482,1.2599327735962396,1.5812915778178473,0.2013805683796023
Blueste,100000.0,3.0,214393.70833333334,189242.9375,182693.8375,256153.8875,50817.13766944538,323704.7393609989,272674.2179202432,230478.19518797565,437343.49211032444,136635.27834496732,31841.658666666666,18800.0,9196.0,59703.9808,33527.152342743415,77469.37236099891,64631.280420243216,38588.357687975666,121485.62381032444,52990.28733064468,3.366368204102422,3.437834064906554,2.2399678566521364,4.464182207231056,1.3915110416464371,1.4697048889660647,1.4408686607934482,1.2599327735020656,1.6910114956991105,0.27057909440120964
BrDale,20000.0,3.0,156953.36458333334,149451.921875,148309.096875,168598.209375,14247.938996158882,240037.42017991657,231895.8990148648,219435.3349527174,263896.11387313646,28668.545253669025,17308.866666666636,18663.360000000008,14391.263999999921,19684.672000000002,3510.1805319575437,65775.1889299166,65209.14838986477,55877.85532771748,75898.93874813645,12522.775391291767,3.817758793855966,3.9403904883502694,3.5832510307266845,4.003213879187527,0.28314829959100396,1.5274020559490094,1.5666165869848638,1.4712619573194943,1.5678563421641825,0.069267968440221
BrDale,50000.0,3.0,156953.36458333334,149451.921875,148309.096875,168598.209375,14247.938996158882,247490.13598184404,231895.8990148648,219435.33491417524,281782.63183630456,41240.962402642355,22526.78133333333,18663.359999999993,14391.263999999988,32207.667200000004,11627.052739307823,68009.99006517738,65209.1483898648,55877.85528917526,81262.46151130453,16049.72843551515,3.302898086504132,3.4939661663207926,2.6154399291928465,3.913929011888753,0.8282529050375694,1.5703857350564039,1.5666165869848638,1.4712619570616043,1.671017172279819,0.12488967387988717
BrDale,100000.0,3.0,156953.36458333334,149451.921875,148309.096875,168598.209375,14247.938996158882,247490.1359960596,231895.89905751156,219435.3349227046,281782.63184483384,41240.96239457942,22526.781333333347,18663.360000000022,14391.264000000012,32207.66720000001,11627.05273930781,68009.99007939293,65209.148432511545,55877.85529770459,81262.46151983383,16049.728431793983,3.302898087265811,3.493966168605839,2.6154399296498543,3.913929012345755,0.8282529053011329,1.5703857351524395,1.5666165872729723,1.471261957119226,1.6710171723374407,0.12488967387553952
BrkSide,20000.0,3.0,193481.08854166666,197669.71875,183518.54375,201768.18125,11968.953083850785,326980.81616941205,329432.09582920506,295908.5298873035,357072.59058760345,38286.436707471505,18595.0,18620.0,17504.0,19676.0,1357.672640955838,114904.72762774538,113142.37707920506,94885.98613730347,135628.40933760343,25509.712739615734,6.1345959512209705,6.076389746466437,5.410198745894881,6.882275638448875,0.9214279138655364,1.686325129730977,1.6665784618525696,1.6113529864781475,1.7691959401351691,0.10012309871085907
BrkSide,50000.0,3.0,193481.08854166666,197669.71875,183518.54375,201768.18125,11968.953083850785,341668.8434063573,344145.03326363256,316231.5107759043,366115.70009390014,31251.280317744164,30396.76,32739.2,25034.144000000004,34822.4,6445.233334860729,117790.9948646906,113736.11451363255,97890.5670259043,139313.37484390012,26126.32885732575,4.145725399995942,3.4740040842058617,2.8209055307091244,5.739233795598791,1.9144763227900294,1.7639068570428373,1.7410103856063313,1.7228074397679813,1.8141648628922962,0.06044346433878432
BrkSide,100000.0,3.0,193481.08854166666,197669.71875,183518.54375,201768.18125,11968.953083850785,341668.8434063573,344145.03326363256,316231.5107759043,366115.7000939001,31251.280317744135,30396.76,32739.2,25034.144000000004,34822.4,6445.233334860729,117790.99486469058,113736.11451363255,97890.5670259043,139313.3748439001,26126.328857325712,4.14572539999594,3.4740040842058617,2.8209055307091244,5.739233795598789,1.9144763227900283,1.7639068570428373,1.7410103856063313,1.7228074397679813,1.814164862892296,0.0604434643387842
ClearCr,20000.0,3.0,299122.7708333333,292466.59375,267657.64375,333250.36875,41398.74028213408,407711.03834578535,375697.4061956162,370529.3344879672,457698.1950636712,61129.2359520344,19195.0,19610.0,18542.0,19682.0,798.0131577862611,89393.26751245203,94541.99994561617,65704.97823796721,111022.06381367121,28672.016387654436,4.623848943262511,4.799086291655644,3.5205055346016607,5.6570974125661095,1.3439657471083966,1.3639310234549944,1.39235267602614,1.2884657263187225,1.4280276595628083,0.09063252264852474
ClearCr,50000.0,3.0,299122.7708333333,292466.59375,267657.64375,333250.36875,41398.74028213408,437163.9909565837,395623.86311049736,394313.1543129912,496630.87873861066,73373.06906759182,35742.04,35475.0,34979.0,36611.89599999999,1046.4346538604284,102299.18012325033,95633.95086361468,73272.60566112082,133991.8462892341,38386.0057616575,2.8730847950786242,2.5919785295476783,2.044704810586009,3.8139072857836185,1.1322332061373908,1.459718258733113,1.506893595219413,1.3835504858438228,1.517015897027883,0.09288349502264978
ClearCr,100000.0,3.0,299122.7708333333,292466.59375,267657.64375,333250.36875,41398.74028213408,446403.64574035985,395623.8631104974,394313.15431299125,518806.0502196734,89375.80172977218,42508.60000000001,36896.119999999995,35759.224,51502.96800000004,10974.853075936853,104772.27490702648,95633.95086361474,73272.60566112088,139927.27377029677,42404.22110144313,2.4125436177730024,2.59197852954768,2.0447048105860106,2.7086084602501237,0.4430831610005864,1.4866210218360834,1.5068935952194131,1.383550485843823,1.5815825284750114,0.12500900935238746
CollgCr,20000.0,3.0,285028.2864583333,299660.5,241238.3625,322965.325,52627.71523534127,411338.7260873856,438636.2090637506,365027.41935529094,446731.03962893446,56271.435198349376,12907.179333333333,13049.161999999997,11725.909200000004,14031.656399999998,1446.328268647655,113403.26029571898,105715.11380317598,98579.43541163564,131302.34377681953,21508.313410336246,8.968752654589746,7.417757233280619,7.407095079794984,11.150808397908161,2.6979532214767095,1.4536957398757577,1.4975438780561017,1.3667776493468495,1.5230745751325283,0.10480680648681283
CollgCr,50000.0,3.0,285028.2864583333,299660.5,241238.3625,322965.325,52627.71523534127,430808.81129378034,438636.2090637507,373468.2946783365,485018.36880123604,70047.56725359226,28650.965999999997,23198.240000000005,15078.977599999998,44404.04479999999,18926.723731359205,117129.55883544701,107345.24795698293,98905.46224239713,139267.37977988253,26611.287892827877,5.002488560751186,4.627301379629787,3.2953859314004745,6.85966606255046,2.2512463962176157,1.5224514642643034,1.5760131444195775,1.382471502619545,1.6410067538469517,0.1681106813173588
CollgCr,100000.0,3.0,285028.2864583333,299660.5,241238.3625,322965.325,52627.71523534127,438977.6598630364,438636.2090637507,373468.2946783364,504623.60536745074,81972.60254042892,35054.529333333325,23198.240000000005,15078.977599999998,59772.596799999985,29760.876838912667,118894.84407136978,107345.24795698287,98905.46224239712,143504.06434609718,29614.384944114925,4.752842185199724,4.627301379629785,2.696234630076964,6.859666062550459,2.60441492958393,1.5497118091187503,1.5760131444195773,1.382471502619545,1.7064315814976252,0.20375221659532056
Crawfor,20000.0,3.0,270498.9114583333,267646.46875,245142.38125,296996.41875,32502.783231231886,363331.08641232614,331164.4572512318,321060.8903755104,418467.9341135797,66950.13556756101,15242.054000000002,16509.762000000002,10819.072400000001,19157.952400000002,5326.177984253625,77590.12095399281,62508.877281580004,55799.046257301445,105413.6931196493,33647.44541190317,5.135243632741035,5.759821687160168,4.1809057495047215,5.839750294209697,1.1693936890436798,1.337991814044422,1.3299091531274658,1.2558382148262859,1.4233784776293408,0.10494636301633778
Crawfor,50000.0,3.0,270498.9114583333,267646.46875,245142.38125,296996.41875,32502.783231231886,400407.52254720865,379295.81409659726,356913.65361932677,452346.07485533506,62384.57827159022,35764.814,32318.679999999993,32059.5456,40848.536,6251.498700921885,94143.79708887532,79806.99212500919,70896.07470227964,123126.24146101745,34925.337522213,2.7456233887901615,2.4943768022093487,1.7769907201886836,3.814754692023965,1.2920553078793928,1.4767632873449283,1.4667812854902582,1.427078113001588,1.530441262430137,0.06517779216113327
Crawfor,100000.0,3.0,270498.9114583333,267646.46875,245142.38125,296996.41875,32502.783231231886,400407.5225472087,379295.81409659726,356913.65361932677,452346.0748553351,62384.57827159025,35764.814,32318.679999999993,32059.5456,40848.536,6251.498700921885,94143.79708887533,79806.99212500919,70896.07470227964,123126.2414610175,34925.337522213034,2.7456233887901624,2.4943768022093487,1.7769907201886836,3.8147546920239663,1.2920553078793937,1.4767632873449283,1.4667812854902582,1.427078113001588,1.5304412624301371,0.06517779216113338
Edwards,20000.0,3.0,207560.1875,215119.078125,187802.353125,224294.465625,23728.419335686183,314888.1524049377,292454.0295362401,272757.44484258717,365992.5091147673,61425.430395388066,19008.737333333338,19942.576000000012,17659.8112,19984.128000000004,1662.640210847,88319.22757160437,66865.6107941739,59287.02248782686,125932.87936635407,45609.4364332928,4.818456727425937,3.3441975186683135,2.9711448994354037,7.255472238919519,2.966510073663462,1.511942511934835,1.4799613439619055,1.383590940505925,1.6530865505529166,0.17069670017775748
Edwards,50000.0,3.0,207560.1875,215119.078125,187802.353125,224294.465625,23728.419335686183,332946.5027333113,324315.8497859555,289290.6259486542,380054.64069691073,57217.79819044958,29627.070666666677,29194.516000000003,24034.199199999995,35392.96400000003,7109.1044338035745,95759.24456664461,72254.19566095545,70744.14482365418,130176.36387191074,42357.13267853758,3.5754365322813975,2.4102688365968747,2.046735031797637,5.570205111038968,2.422345813649473,1.5988477592382109,1.5501431349343688,1.5161172830474177,1.7010600851505406,0.12304462743602138
Edwards,100000.0,3.0,207560.1875,215119.078125,187802.353125,224294.465625,23728.419335686183,332946.50282181374,324315.8497859555,289290.62616106006,380054.64069691073,57217.79806884566,29627.070666666667,29194.516000000003,24034.199199999995,35392.96400000001,7109.104433803559,95759.24465514708,72254.1956609555,70744.14503606004,130176.36387191075,42357.13259895327,3.5754365353128734,2.410268845691299,2.046735033616524,5.5702051128578525,2.4223458114622267,1.5988477597272468,1.5501431364014775,1.5161172833408394,1.7010600854439624,0.12304462714565936
Gilbert,20000.0,3.0,275012.0,271266.6875,266322.6625,285199.4625,12235.73979340817,392959.2739026209,391870.1108850971,381676.7512109184,404677.4618013329,14406.356259575417,11328.63066666667,11595.0,6543.0,16007.713600000006,5919.942216375205,106618.64323595422,109672.56263509713,98947.8915609184,113067.82715133288,9212.748355172098,12.0956911739828,8.30243413474547,6.788100869985405,18.920584293675127,8.263805873551258,1.4295975685547273,1.4128985261143197,1.4006776619942753,1.4651970920913426,0.042839472595692304
Gilbert,50000.0,3.0,275012.0,271266.6875,266322.6625,285199.4625,12235.73979340817,399857.0225582302,407879.2995303918,384878.5889399774,411626.54538761836,18103.63477332921,17473.59066666667,11595.0,6543.0,30755.617600000012,15966.29605947045,107371.43189156354,111930.92860192503,99399.56475428403,113519.50034469846,9668.07489483959,11.008826600278757,8.302434134745475,4.179625893095696,18.920584293675127,9.50655633358344,1.455618299862697,1.4128985261143197,1.4006776619942756,1.5276468472304694,0.08755608428547869
Gilbert,100000.0,3.0,275012.0,271266.6875,266322.6625,285199.4625,12235.73979340817,399857.0225582302,407879.2995303918,384878.5889399774,411626.54538761836,18103.63477332921,17473.59066666667,11595.0,6543.0,30755.617600000012,15966.29605947045,107371.43189156354,111930.92860192503,99399.56475428403,113519.50034469846,9668.07489483959,11.008826600278757,8.302434134745475,4.179625893095696,18.920584293675127,9.50655633358344,1.455618299862697,1.4128985261143197,1.4006776619942756,1.5276468472304694,0.08755608428547869
IDOTRR,20000.0,3.0,151993.43229166666,152569.625,124593.4625,179162.925,34109.564238883024,243103.39388376966,224246.69197843244,217815.11350119117,275934.355028483,39826.53124342335,13213.333333333334,19820.0,3964.0,19820.0,11443.082335338382,77896.62825876966,83225.02079099568,67555.07926370382,86106.82024094509,12479.34677970807,4.289916521050154,4.289916521050154,4.217217241283519,4.36261580081679,0.12851538427591425,1.6261808402105036,1.554568255641118,1.4445978632084768,1.836408851040285,0.2526131443142541
IDOTRR,50000.0,3.0,151993.43229166666,152569.625,124593.4625,179162.925,34109.564238883024,272140.1746815953,262089.73332675296,237350.4853061812,310950.04059894633,46815.947688598484,37367.30666666665,44869.11999999995,26785.82399999999,44948.06399999999,13079.074295458871,82779.43572326198,91301.25142603824,69981.04094661007,92169.10421880338,15709.062995276097,2.5320119035492623,2.0544938248478832,1.5636022425818514,3.691428795997225,1.392705745453613,1.8075842897086556,1.7392117937799496,1.7221118875786658,1.9204056902101276,0.13735225685419056
IDOTRR,100000.0,3.0,151993.43229166666,152569.625,124593.4625,179162.925,34109.564238883024,272140.1746815953,262089.73332675296,237350.48530618116,310950.04059894633,46815.9476885985,37367.30666666667,44869.12000000001,26785.824,44948.064000000006,13079.07429545889,82779.43572326195,91301.25142603822,69981.04094661001,92169.10421880338,15709.062995276123,2.532011903549261,2.0544938248478832,1.563602242581849,3.691428795997224,1.3927057454536131,1.8075842897086554,1.7392117937799496,1.7221118875786658,1.9204056902101274,0.13735225685419045
MeadowV,20000.0,3.0,142064.95052083334,145970.921875,132405.190625,150162.321875,11602.269539756646,190576.80539524494,193182.8162954045,175166.1455181255,204945.06091230048,18748.15703705125,8606.285333333333,10393.760000000037,6070.156799999997,10427.423999999988,3132.509948945957,39905.56954107824,36818.13442040447,36690.79809312551,44355.31503730049,5486.017410281554,5.106919633409817,4.4308469841933755,3.7200339017265573,6.764234424779653,1.9906754644733988,1.3403553216394968,1.3234335565876176,1.3229427033448824,1.3645366459548627,0.029842297976369163
MeadowV,50000.0,3.0,142064.95052083334,145970.921875,132405.190625,150162.321875,11602.269539756646,196491.98706179866,193182.8162954045,189362.5815020583,204945.0609280966,10151.947905996449,14272.951999999997,10435.840000000007,10402.175999999965,19678.572800000027,6682.548409619819,40154.084540965305,37404.50899122175,36935.409334568,44472.589967260035,5278.368668184777,3.224737765103697,3.542330631109889,2.0692946687146097,4.253143715090307,1.3923420433511386,1.386204553270935,1.3748124184272548,1.333709328955545,1.443256631523797,0.06917423233691986
MeadowV,100000.0,3.0,142064.95052083334,145970.921875,132405.190625,150162.321875,11602.269539756646,196491.98705521692,193182.8162954045,189362.5815020583,204945.06091230048,10151.947894916388,14272.952000000012,10435.839999999976,10402.17600000002,19678.572800000016,6682.548409619805,40154.084534383575,37404.50899122172,36935.40933456792,44472.58995146396,5278.3686568025805,3.2247377644730073,3.542330631109855,2.069294668714602,4.253143713576674,1.3923420425316535,1.386204553227408,1.374812418296674,1.3337093289294288,1.4432566314976805,0.06917423234767225
Mitchel,20000.0,3.0,245153.13541666666,245250.828125,223942.753125,266324.440625,26488.68980020764,324732.9078503673,322210.98740029684,303341.1502720758,347133.43360868713,27457.178583250992,18420.0,18305.0,17261.0,19625.0,1480.8527948449164,61159.77243370068,63007.95661502052,58205.71874324158,63374.55245163185,3605.2884690684555,3.3433956746562608,3.46715112869624,2.9787786306621986,3.6585105370343314,0.4381428564287377,1.3269524082713307,1.3138018324491512,1.3036244490090432,1.35554059786249,0.034388217851505296
Mitchel,50000.0,3.0,245153.13541666666,245250.828125,223942.753125,266324.440625,26488.68980020764,342993.15141404246,353364.04516078474,321322.15695847094,360515.788370917,26090.64115117044,31717.106666666663,27869.119999999995,20217.824,44755.583999999995,15693.986563334804,66122.9093307091,66826.83053289249,64138.327235206285,67825.92294533856,2384.006920675538,2.4183262327375403,2.397880899464802,1.5915335159342217,3.2532970828499552,1.0387531465621636,1.40384001205836,1.4331616422926672,1.3274964109777465,1.4684549610452509,0.09168570677430148
Mitchel,100000.0,3.0,245153.13541666666,245250.828125,223942.753125,266324.440625,26488.68980020764,342993.1514140424,353364.0451607847,321322.15695847094,360515.788370917,26090.641151170425,31717.106666666663,27869.119999999995,20217.824,44755.583999999995,15693.986563334804,66122.90933070908,66826.83053289249,64138.32723520624,67825.92294533856,2384.00692067557,2.4183262327375394,2.397880899464802,1.5915335159342217,3.2532970828499526,1.038753146562162,1.40384001205836,1.4331616422926672,1.3274964109777465,1.4684549610452509,0.0916857067743016
NPkVill,20000.0,3.0,213589.20833333334,215046.671875,210204.246875,216391.184375,4067.624632264777,262922.2970171081,262049.0819991878,252765.75429962776,273428.12574175664,12936.105030322105,9904.665333333318,10546.823999999975,7882.427199999975,11670.039999999995,2431.7043926936076,39428.42335044147,39786.082124187815,26493.845124627784,52219.93806675663,16081.791237491869,4.113316974101984,4.629664821363146,2.6834884804915653,5.336606328807939,1.717435327640607,1.2320215565030386,1.2185684145416993,1.1681746361155652,1.3012497336750475,0.08398399374434175
NPkVill,50000.0,3.0,213589.20833333334,215046.671875,210204.246875,216391.184375,4067.624632264777,279152.783206732,276272.88665096636,274651.0019388337,284806.5230969365,6819.6268341692385,21237.99866666665,24216.327999999994,14403.940800000008,26880.724799999945,8213.49391266864,44325.57620673201,47676.93233342905,33512.501875326285,53798.10808745892,13006.4657619444,2.5621579836662653,1.9687928051449033,1.264171622390992,4.097490416350084,1.8438764024000074,1.3072097209726896,1.3219200633319097,1.27669954446462,1.3318357605370708,0.03673957725101302
NPkVill,100000.0,3.0,213589.20833333334,215046.671875,210204.246875,216391.184375,4067.624632264777,279152.7832214997,276272.88665096636,274651.0019388337,284806.52313237905,6819.626859463551,21237.99866666664,24216.327999999965,14403.940799999953,26880.724799999996,8213.493912668695,44325.57622149974,47676.93237773224,33512.50188418687,53798.1080963196,13006.465767652226,2.5621579842760993,1.9687928069743816,1.2641716227568838,4.097490416716002,1.843876402105659,1.3072097210413618,1.3219200633319097,1.27669954446462,1.3318357607018838,0.036739577327008326
NWAmes,20000.0,3.0,271271.7395833333,285559.21875,241614.84375,295213.64375,35711.32588221769,347325.8128055465,361546.9975130324,324187.970279492,364775.1814486067,28198.69880015809,17884.243999999995,18800.0,16388.0,19014.185599999986,1822.9204959646424,58169.82922221321,64238.00868250028,48729.21414692601,65183.17251338557,11548.683056899288,3.300521986718722,3.4797586952716433,2.5777493440566426,3.9515999459596327,0.8725740942570853,1.2867234542092292,1.280232622265851,1.2278580706419884,1.3481851705538213,0.07541422668098559
NWAmes,50000.0,3.0,271271.7395833333,285559.21875,241614.84375,295213.64375,35711.32588221769,358717.7937332199,361546.9975130324,351528.7245059081,364775.1814486067,8633.986669424365,26350.950666666657,19067.731999999975,16441.546399999996,39173.64239999999,15544.73276590696,61095.10348321992,64238.00868250028,48729.21414692601,72203.83073980169,14921.97286772236,2.7001430311267236,2.3522470062528935,1.8133468640470969,3.7260976081558828,1.232850508888867,1.3361187742969172,1.280232622265851,1.2278580706419884,1.4667339387642726,0.15694637742432846
NWAmes,100000.0,3.0,271271.7395833333,285559.21875,241614.84375,295213.64375,35711.32588221769,358717.7937332199,361546.9975130324,351528.7245059081,364775.1814486067,8633.986669424365,26350.95066666667,19067.732000000025,16441.546400000007,39173.642400000004,15544.732765906947,61095.1034832199,64238.00868250028,48729.214146925966,72203.83073980169,14921.97286772239,2.700143031126721,2.352247006252884,1.813346864047095,3.726097608155881,1.2328505088888682,1.3361187742969172,1.280232622265851,1.2278580706419884,1.4667339387642726,0.15694637742432846
No aplicames,20000.0,3.0,212168.27604166666,205844.359375,190053.384375,236812.734375,29733.328460798788,331619.090903807,329655.0297401402,312314.36796849704,351709.43830458383,24680.600589662477,19440.0,19880.0,18800.0,19904.0,788.2258559575422,100010.8148621404,92758.21232069476,85435.51698460794,117487.15375625111,20993.85966311583,5.130511317154659,4.658875556036904,4.541266450682231,5.908410488074189,0.9470695299377403,1.576071761156485,1.4961750881136393,1.4678009156980873,1.7163012758320209,0.17002838394048847
No aplicames,50000.0,3.0,212168.27604166666,205844.359375,190053.384375,236812.734375,29733.328460798788,344166.5670546245,361526.4791004593,318688.65784056083,362700.5114503541,31347.765987418432,25981.666666666668,24425.0,19709.0,32877.0,8339.68274776285,106016.62434629112,94014.19141282781,85686.71280303455,131147.509062933,30254.62333937307,4.12480581058557,4.013456372548137,3.881968782401634,4.412182613984478,0.34512916859362525,1.6410225968869057,1.4961750881136393,1.4866792314896964,1.8533049657934213,0.26123023742952384
No aplicames,100000.0,3.0,212168.27604166666,205844.359375,190053.384375,236812.734375,29733.328460798788,344166.5670546245,361526.4791004593,318688.65784056083,362700.5114503541,31347.765987418432,25981.666666666668,24425.0,19709.0,32877.0,8339.68274776285,106016.62434629112,94014.19141282781,85686.71280303455,131147.509062933,30254.62333937307,4.12480581058557,4.013456372548137,3.881968782401634,4.412182613984478,0.34512916859362525,1.6410225968869057,1.4961750881136393,1.4866792314896964,1.8533049657934213,0.26123023742952384
NoRidge,20000.0,3.0,468512.5416666667,466693.6875,428138.9375,509613.6875,50946.0755437924,605431.8801709238,585388.9215465797,584917.9946844252,633962.94910716,35226.445587403534,13047.964000000002,11765.0,8739.876800000004,17869.236800000002,5813.021734990502,123871.37450425707,106930.23404657969,106480.02480715995,148039.18038442516,29831.60887268619,11.467748609789249,9.08884267289245,6.205119879865719,17.681939714471504,7.463008906241497,1.2977984324278904,1.2543322038110483,1.2442198285610075,1.3687635277415107,0.08646398731799858
NoRidge,50000.0,3.0,468512.5416666667,466693.6875,428138.9375,509613.6875,50946.0755437924,629553.3112807297,648788.6349958304,598068.8642364298,653343.6288389893,38353.28754876648,28916.755999999998,26298.588000000003,14671.7176,44209.06159999999,18599.562259977192,132124.01361406303,107840.1017997791,107112.20759721957,166849.38435662008,42851.35264124265,5.639818302473727,4.100604252965182,3.8041272358438745,8.091194988906997,2.992684786258136,1.3541304812177986,1.2577886366686808,1.2550234903825748,1.4917742098726696,0.16987111971336377
NoRidge,100000.0,3.0,468512.5416666667,466693.6875,428138.9375,509613.6875,50946.0755437924,646217.9470296054,654482.3772997792,599207.6126972196,689922.5092539215,57146.77514434258,43247.10533333333,26298.588000000003,14671.7176,78601.90000000001,42567.0083979274,134458.3000296053,107840.10179977922,107112.20759721959,172451.6717539215,46894.247099063636,5.082234338608644,4.100604252965186,2.4659257225676745,8.091194988906999,3.617112202720567,1.393950375587935,1.257788636668681,1.2550234903825748,1.5873419563609965,0.23883866121234062
NridgHt,20000.0,3.0,475858.2291666667,499274.125,416353.925,525996.175,71463.95235920118,621247.6167527771,641211.3658523215,558973.3468936997,675536.3869720369,74875.31501987777,17972.488,17355.0,16771.0,19420.971200000007,1740.4232273881012,127416.89958611054,126164.96715404431,122832.81491266603,132501.75723238153,6139.5785821428635,7.14468762964987,7.588870204754545,6.413071731863711,7.698630497394162,0.8908111224124802,1.3098375184851172,1.284301825677261,1.284290121648184,1.3455991924451929,0.04424178793755156
NridgHt,50000.0,3.0,475858.2291666667,499274.125,416353.925,525996.175,71463.95235920118,674683.56814335,695766.5293326317,609483.920115853,731450.0316951342,78384.95645138394,48062.18533333333,48850.17999999999,46498.7848,49310.388,1885.1090916775422,150763.15364334988,150581.46833263175,144407.45591585286,157191.52549513415,7991.592587780049,3.140670690486948,3.251657205475185,2.9627268846019943,3.2742198903766067,0.2171175383219092,1.4231679316422536,1.3935561538115595,1.39063660637509,1.4675439680416953,0.054480172928019474
NridgHt,100000.0,3.0,475858.2291666667,499274.125,416353.925,525996.175,71463.95235920118,727447.2465027921,753653.4231855285,646973.6001270311,797438.4222054586,96740.32772235287,86227.44533333332,85307.99199999997,76764.2224,96058.44959999998,12085.152961042619,165361.57200279215,169071.30618552852,153855.45272703114,175383.79760545862,13833.452976405995,1.9282118861590496,1.9818929296276084,1.8300512877392663,2.0049000671914095,0.11875801317934306,1.5316668526023083,1.5175897330037391,1.511116554977304,1.5578479980667403,0.031649355381411164
OldTown,20000.0,3.0,190664.546875,190976.546875,166129.721875,215074.571875,30591.724537155904,315018.5003236093,337677.1807696145,273652.43735962815,347321.0911091883,50050.0877263241,17585.100000000002,17495.0,15851.32,19354.920000000002,2191.13978787297,106768.85344860928,99083.10264461453,85646.88923462815,130965.11798418828,29095.46333976246,6.000933331931216,5.663509725328066,5.396209930979531,6.740626175524161,0.8896224717098652,1.656554590613716,1.6111146108222074,1.544035997581088,1.7872491755629474,0.15701941824812127
OldTown,50000.0,3.0,190664.546875,190976.546875,166129.721875,215074.571875,30591.724537155904,348389.7099639512,362719.31566261995,307895.3609539731,383152.2166944619,48645.08954753713,42494.223333333335,44164.8,36192.96,48127.255999999994,7597.949139974109,115230.93975561789,107420.23753761995,93569.29282897306,140016.8675694619,29807.394557723586,2.7325724704900534,3.0165401121307256,2.235495767450442,3.1160621168733953,0.6027998893879504,1.83772714029154,1.8396262055093977,1.680347956704715,1.9943466977912214,0.19625610438895638
OldTown,100000.0,3.0,190664.546875,190976.546875,166129.721875,215074.571875,30591.724537155904,350036.2174479512,362719.31566261995,307895.3609539732,387103.8346560616,50709.171493993206,44027.556666666664,44164.8,36192.96,51807.255999999994,9759.658761126502,115344.1139062845,107420.23753761995,93569.29282897321,140288.48553106163,29995.022860638386,2.6485745875769653,2.764546463391457,2.1850970377025916,3.0656633871255417,0.5594431137361938,1.8463486569695935,1.8396262055093988,1.6803479567047153,2.01503833781855,0.20926248712844056
SWISU,20000.0,3.0,199780.25,188387.96875,185828.85625,218288.55625,22559.10243187841,284317.98526338825,284245.68572982604,270989.7959777386,297675.09436246275,16678.429020428684,18706.069333333333,19820.0,17098.5664,19868.0,1981.5731403158795,65831.66593005492,62666.745414716774,59613.77739944092,73315.52266680419,8991.530940606337,3.5226926025998133,3.5844676468724215,3.2463282585255144,3.7743469289650697,0.33431993473863414,1.4292155338008115,1.445419061695633,1.3558007109504058,1.4961489454932886,0.088832996461587
SWISU,50000.0,3.0,199780.25,188387.96875,185828.85625,218288.55625,22559.10243187841,300731.3180762954,302432.1646228593,274627.0917563455,326155.2057776199,32238.738720756843,28192.736,31340.0,22124.0,33002.566399999996,7325.078034880447,72758.33207629545,72904.05494131008,64714.207320035624,80744.16768654944,10019.520027459772,2.6607648015010827,2.638934137615165,2.27304031188246,3.0572215566740724,0.49047778612394033,1.507244246677559,1.4709448926891582,1.4505242278943389,1.57848400705614,0.08593143122910134
SWISU,100000.0,3.0,199780.25,188387.96875,185828.85625,218288.55625,22559.10243187841,306836.4370992276,302432.1646228593,274627.0917563453,340807.4914326573,41538.238803075044,34105.888,31340.0,22124.0,47194.1312,15850.864284499823,72950.2990992276,73479.95601010678,64829.387533794776,80859.34790030877,10029.22018643824,2.4123568720166246,2.638934137615165,1.676861281119769,3.057221556674063,0.8847585352790255,1.5342863218137552,1.5520711180977478,1.466749472976056,1.5947092521378579,0.0814444766834913
Sawyer,20000.0,3.0,208237.66666666666,203284.046875,192563.709375,225893.071875,21268.007396067984,306446.9470630987,304147.7229314535,289391.77626970893,324421.8075091467,21984.12990554973,19362.686666666665,19580.0,18758.447999999993,19880.0,725.7945677210192,78846.59372976543,78365.00052856997,77485.88378913225,80399.94095087679,1868.430010634244,4.073818837539517,4.054556555071586,4.012749943438013,4.142592644628194,0.0828484951537137,1.4745991121888133,1.4961711339723323,1.4376388107148788,1.5029306049493403,0.04488045959174756
Sawyer,50000.0,3.0,208237.66666666666,203284.046875,192563.709375,225893.071875,21268.007396067984,326192.85906067607,319861.02676043776,308259.1609055075,346659.2901359399,24618.548944408765,36838.193333333365,36259.940000000024,33543.28400000005,40364.40400000001,4292.511727198089,81116.99906067603,80423.0078548154,79456.70512438306,83054.88947931325,2327.7913633574535,2.224972450825667,2.184645905144215,1.9913529061681337,2.474722613755782,0.3041179846367949,1.5692312520124705,1.5734684136680992,1.535565151283585,1.6012024880791045,0.04118712431680252
Sawyer,100000.0,3.0,208237.66666666666,203284.046875,192563.709375,225893.071875,21268.007396067984,326192.8590517061,319861.02676043776,308259.1608839795,346659.29013593995,24618.5489557955,36838.19333333335,36259.940000000046,33543.28400000001,40364.40400000001,4292.511727198114,81116.99905170604,80423.00785481546,79456.70510285499,83054.88947931331,2327.7913743506238,2.224972450578288,2.1846459044020694,1.9913529060197057,2.474722613607358,0.30411798468600265,1.5692312519652312,1.5734684136680992,1.5355651512835855,1.6012024879657296,0.04118712424986961
SawyerW,20000.0,3.0,265910.609375,263447.0,232755.6875,300050.975,42113.63400224735,411414.3875196278,419632.47195793875,370719.4800469758,448822.06121695536,49330.21725502996,17256.666666666668,16455.0,15687.0,19147.0,2271.2129652089725,128247.11147796111,130462.4897817095,120423.19611172995,135184.8755226929,9423.423877812822,7.47280169000187,7.609769131606006,7.0261101112026845,7.864706292159402,0.5373774963703901,1.5535706254607542,1.5927078279735625,1.4986620166400864,1.5928243532762993,0.06791380460797783
SawyerW,50000.0,3.0,265910.609375,263447.0,232755.6875,300050.975,42113.63400224735,447382.85078951175,465200.0599923237,405082.5237258507,482556.294172048,50820.205286018616,43254.70133333334,42696.44,42341.419200000004,44391.288,1369.355042144048,138217.5400811784,135440.71996697906,124907.21622078173,152638.59198725477,17498.14502890728,3.1903997730038007,3.2054953970944657,2.9321348713347044,3.442626425036632,0.3193249422029364,1.6911451670692583,1.7329313335645127,1.6063333625941711,1.7592425049462435,0.1021902456411628
SawyerW,100000.0,3.0,265910.609375,263447.0,232755.6875,300050.975,42113.63400224735,476864.66246023803,504099.70271648094,412862.4522706821,529972.8565472967,76900.40695989552,67792.75466666666,76975.15999999997,49552.183999999994,82360.36319999999,21993.113556560493,143161.29841857133,143532.51225500065,126525.57467838605,159648.5366241849,20704.347214022804,2.2349571274817346,2.126368333842775,1.7970403137346858,2.7163094586843664,0.5821885872829784,1.7937765211539016,1.7349215051044227,1.7333293678724946,1.8777656808551006,0.10366819309257531
Somerst,20000.0,3.0,351252.0,374156.375,294608.875,398733.375,68033.66428019752,511459.18333112326,509654.39181614376,414971.78949002596,608668.4937782122,121070.52957228261,18713.890666666663,18786.67199999999,18085.3344,19313.3344,770.0838213216355,141493.29266445653,117588.01681614376,101224.91449002593,191323.78117821223,59996.787766202746,7.5753544831680495,6.565495076278267,5.309360837153169,10.245291891938844,3.2065278960484527,1.4503245261426045,1.4243531239161642,1.3745848210278244,1.5364527921479605,0.10363756415666305
Somerst,50000.0,3.0,351252.0,374156.375,294608.875,398733.375,68033.66428019752,542805.3824980977,509654.39181614376,455577.9405240612,643293.2207449159,120783.70993634721,38739.652,48957.648,24119.5296,49272.576,18040.08159293433,152813.73049809775,117985.51970104058,117667.51739312313,201891.22792189528,60668.80379007918,4.502825502404356,4.552254123341647,2.823032670742854,6.162846885690943,2.0878227587702067,1.5475441699353378,1.6091133134624842,1.4115368589370885,1.6589238235227284,0.16355256270139515
Somerst,100000.0,3.0,351252.0,374156.375,294608.875,398733.375,68033.66428019752,574211.7771023199,509654.39181614376,467519.88334102376,706726.6249780866,159615.9511371615,59217.65866666668,61375.668000000005,26603.1336,90968.98000000001,40272.04186360287,163742.11843565325,120888.58822224376,118248.13109736376,226377.51785930656,77100.5339558685,3.701531274378734,2.5694486858232635,2.08960978599239,5.766285798187266,2.4983306609649754,1.6309367615483297,1.663449800970595,1.4224041564387107,1.8264641508890427,0.2541023621569293
StoneBr,20000.0,3.0,476494.2916666667,463696.875,394972.225,563135.325,105684.66147582208,616531.4199974164,616259.2132851752,537904.7094829206,695267.0131968089,98351.72234012917,16946.301333333333,16954.987999999998,15497.295200000002,18391.832799999996,1809.1016414312708,123090.82699741646,123570.03303235694,111332.3919462452,134657.57963461152,14584.14815914559,7.381293110507575,7.288122706566171,6.0770145517987215,8.722839830792992,1.6556081772187825,1.3056690379133216,1.3290130827066176,1.23862590813603,1.363374549773295,0.08054627185947952
StoneBr,50000.0,3.0,476494.2916666667,463696.875,394972.225,563135.325,105684.66147582208,658784.6747529564,656655.5399786048,583202.6128463717,735218.3905692819,95027.75180441728,45101.647999999994,47067.084,41759.71439999999,47657.4072,4060.0772876801316,137188.7350862898,139243.33056331344,123686.33148622357,149869.30049554651,16460.80669781493,3.0767663876998164,2.9127364400408062,2.618740254064033,3.6004045003992045,0.629770504483489,1.3983421913249454,1.41613104461531,1.3102542393702814,1.4793146019634633,0.10677988702451661
StoneBr,100000.0,3.0,476494.2916666667,463696.875,394972.225,563135.325,105684.66147582208,708598.1769574262,700754.263404671,627687.9829775437,792645.936358411,103322.27000246746,87120.83200000001,82633.02000000002,79616.9656,96419.82320000001,11197.894962907272,144983.05329075968,148997.33037076192,132005.38055162923,156355.01519788924,15610.548250682197,1.6961145071342552,1.8031209602500535,1.3840493638070335,1.9653770692151575,0.3749617858712654,1.5038233221478612,1.5112335260069867,1.4119417757945465,1.5927407869575256,0.11318146344732465
Timber,20000.0,3.0,347140.375,322499.46875,321176.16875,382960.94375,44119.56855106174,492064.8016057643,470316.95312014327,455559.2272620684,537269.5153437085,54431.26217415533,9820.73466666667,7269.792000000001,4765.9584,15895.88800000001,7298.5809087042,135103.69193909757,137878.93139959977,127760.04791795972,141337.24017603457,8819.542873064222,19.14907239210953,19.560644564540944,10.02228998831904,28.111225926927457,11.311202193599062,1.419576415241789,1.401148961730033,1.393599542824892,1.452924269063388,0.040366482972099015
Timber,50000.0,3.0,347140.375,322499.46875,321176.16875,382960.94375,44119.56855106174,519652.0684481159,505814.9554777267,477416.55359165993,567422.4284927276,57515.86619342535,31742.788,38525.25199999999,13520.884,47251.7064,21884.746669430926,140768.9054481159,142201.81737014325,135546.09685621,145418.54927121085,6293.831643987857,8.688162238116943,3.795503589346483,2.9257715662400177,16.40761636950205,9.431523519761178,1.4994636914817994,1.4658680958967267,1.4644551618287391,1.5479104593688886,0.05972535334217217
Timber,100000.0,3.0,347140.375,322499.46875,321176.16875,382960.94375,44119.56855106174,525502.3797393333,505814.95547772676,477416.55359166,581463.175591649,67227.11426283469,37132.534666666674,49433.32000000001,15702.497600000002,53642.25760000001,25995.336743059546,141229.47007266656,142201.81737014325,135546.09685621006,146523.90437013237,6912.61131254174,8.322563482862924,2.7083385604634027,2.7006335709602185,16.190183363725435,9.73246489790526,1.5141601481849782,1.5081912984212784,1.474332736401637,1.556375099873799,0.0515363705222063
Veenker,20000.0,3.0,355976.7395833333,376052.34375,300563.51875,403359.71875,66558.46850802036,497833.4387365358,549017.0211676011,403216.5765267643,571976.8679738812,114410.80973130224,13690.613333333333,16100.0,8260.0,18157.471999999998,6528.358471203409,128166.08581986917,122730.45866760111,87566.2140267643,170940.20847388127,52320.94223897469,9.97582123535612,9.800461332437047,8.058500150591813,11.963286281288054,2.445211905274102,1.392246488702859,1.3384568666059145,1.3093038025055017,1.496705023738994,0.12604934353576636
Veenker,50000.0,3.0,355976.7395833333,376052.34375,300563.51875,403359.71875,66558.46850802036,516011.52104999387,565564.4306992705,406526.058385437,605675.8198548402,131658.8422993694,24526.160000000003,31816.880000000005,11403.376,34732.656,15889.168550581871,135508.6214666606,123560.98819927045,87732.31988543703,188063.97635484024,63555.19714692113,7.381849455037062,5.7580516218594955,4.2584137117378615,11.154804331607288,4.533844293358973,1.439365135150237,1.378798045582662,1.317372038131655,1.5855850679958488,0.17564780132146854
Veenker,100000.0,3.0,355976.7395833333,376052.34375,300563.51875,403359.71875,66558.46850802036,516011.5210197414,565564.4306992705,406526.058385437,605675.8197822343,131658.84226500863,24526.160000000003,31816.880000000005,11403.376,34732.656,15889.168550581871,135508.62143640814,123560.98819927045,87732.31988543703,188063.97628223433,63555.19709788252,7.381849454183956,5.758051619300181,4.258413711225998,11.154804331095423,4.533844293817283,1.4393651350697894,1.378798045582662,1.317372038131655,1.5855850678027748,0.17564780118549841
